<searchresponse><query>ipod</query><sort>relevance</sort><responseGroup>base</responseGroup><totalResults>402</totalResults><start>1</start><numItems>10</numItems><facets/><items><item><itemId>42608125</itemId><parentItemId>42608125</parentItemId><name>Apple iPod touch 32GB</name><msrp>247.0</msrp><salePrice>184.99</salePrice><upc>888462353151</upc><categoryPath>Electronics/Portable Audio/Apple iPods/iPod Touch</categoryPath><shortDescription>The Apple iPod Touch 32GB is loaded with features. It is the ideal solution for carrying your music collection in your pocket. The device comes in five stunning colors, giving you plenty of options to choose from. Listen to your favorite songs from Apple Music and iTunes. It also offers the ultimate mobile gaming experience for versatility. Take outstanding photos and videos with the new 8MP iSight camera and make video calls with the improved FaceTime HD camera. Use the Bluetooth iPod Touch to stay connected with messages and to use the most popular social networking apps. The 4&amp;quot; retina display provides a quality viewing experience. It offers 1080p HD video recording and up to 40 hours of audio playback. With a sleek design and the ability to play your favorite tunes with just the touch of a button, it is wonderful for users on-the-go. It is equipped with 802.11ac Wi-Fi for Internet availability almost anywhere and Bluetooth 4.1 for hands-free use or pairing with other devices.</shortDescription><longDescription>IPOD TOUCH 32GB SPACE GRAY .</longDescription><thumbnailImage>https://i5.walmartimages.com/asr/cecd7151-08ae-47ce-84f2-b46abda0f5ca_1.22789781b5d7d5632eea50d3789f2156.jpeg?odnHeight=100&amp;odnWidth=100&amp;odnBg=FFFFFF</thumbnailImage><mediumImage>https://i5.walmartimages.com/asr/cecd7151-08ae-47ce-84f2-b46abda0f5ca_1.22789781b5d7d5632eea50d3789f2156.jpeg?odnHeight=180&amp;odnWidth=180&amp;odnBg=FFFFFF</mediumImage><largeImage>https://i5.walmartimages.com/asr/cecd7151-08ae-47ce-84f2-b46abda0f5ca_1.22789781b5d7d5632eea50d3789f2156.jpeg?odnHeight=450&amp;odnWidth=450&amp;odnBg=FFFFFF</largeImage><productTrackingUrl>http://linksynergy.walmart.com/fs-bin/click?id=|LSNID|&amp;offerid=223073.7200&amp;type=14&amp;catid=8&amp;subid=0&amp;hid=7200&amp;tmpid=1082&amp;RD_PARM1=https%253A%252F%252Fwww.walmart.com%252Fip%252FApple-iPod-touch-32GB%252F42608125%253Faffp1%253D3UIqxDLINFE2s96wIa1YSu3TakSRkgaPlu3dizTOwm0%2526affilsrc%253Dapi</productTrackingUrl><standardShipRate>0.0</standardShipRate><modelNumber>MKJ02LL/A</modelNumber><productUrl>http://c.affil.walmart.com/t/api02?l=https%3A%2F%2Fwww.walmart.com%2Fip%2FApple-iPod-touch-32GB%2F42608125%3Faffp1%3D3UIqxDLINFE2s96wIa1YSu3TakSRkgaPlu3dizTOwm0%26affilsrc%3Dapi%26veh%3Daff%26wmlspartner%3Dreadonlyapi</productUrl><customerRating>4.529</customerRating><numReviews>68</numReviews><customerRatingImage>http://i2.walmartimages.com/i/CustRating/4_5.gif</customerRatingImage><categoryNode>3944_96469_1231508</categoryNode><bundle>false</bundle><stock>Available</stock><addToCartUrl>http://c.affil.walmart.com/t/api02?l=http%3A%2F%2Faffil.walmart.com%2Fcart%2FaddToCart%3Fitems%3D42608125%7C1%26affp1%3D3UIqxDLINFE2s96wIa1YSu3TakSRkgaPlu3dizTOwm0%26affilsrc%3Dapi%26veh%3Daff%26wmlspartner%3Dreadonlyapi</addToCartUrl><affiliateAddToCartUrl>http://linksynergy.walmart.com/fs-bin/click?id=|LSNID|&amp;offerid=223073.7200&amp;type=14&amp;catid=8&amp;subid=0&amp;hid=7200&amp;tmpid=1082&amp;RD_PARM1=http%253A%252F%252Faffil.walmart.com%252Fcart%252FaddToCart%253Fitems%253D42608125%257C1%2526affp1%253D3UIqxDLINFE2s96wIa1YSu3TakSRkgaPlu3dizTOwm0%2526affilsrc%253Dapi</affiliateAddToCartUrl><giftOptions><allowGiftWrap>false</allowGiftWrap><allowGiftMessage>false</allowGiftMessage><allowGiftReceipt>false</allowGiftReceipt></giftOptions><imageEntities><imageEntities><thumbnailImage>https://i5.walmartimages.com/asr/ab25384d-8a0a-4435-ac5e-a954882ead0d_1.c8c0526e6223c054c1b6b77b9cbb1d50.jpeg?odnHeight=100&amp;odnWidth=100&amp;odnBg=FFFFFF</thumbnailImage><mediumImage>https://i5.walmartimages.com/asr/ab25384d-8a0a-4435-ac5e-a954882ead0d_1.c8c0526e6223c054c1b6b77b9cbb1d50.jpeg?odnHeight=180&amp;odnWidth=180&amp;odnBg=FFFFFF</mediumImage><largeImage>https://i5.walmartimages.com/asr/ab25384d-8a0a-4435-ac5e-a954882ead0d_1.c8c0526e6223c054c1b6b77b9cbb1d50.jpeg?odnHeight=450&amp;odnWidth=450&amp;odnBg=FFFFFF</largeImage><entityType>SECONDARY</entityType></imageEntities><imageEntities><thumbnailImage>https://i5.walmartimages.com/asr/162dfc1f-f826-4abf-9f5e-68750e8f22ef_1.54527db57199a0594128498271d74e4e.jpeg?odnHeight=100&amp;odnWidth=100&amp;odnBg=FFFFFF</thumbnailImage><mediumImage>https://i5.walmartimages.com/asr/162dfc1f-f826-4abf-9f5e-68750e8f22ef_1.54527db57199a0594128498271d74e4e.jpeg?odnHeight=180&amp;odnWidth=180&amp;odnBg=FFFFFF</mediumImage><largeImage>https://i5.walmartimages.com/asr/162dfc1f-f826-4abf-9f5e-68750e8f22ef_1.54527db57199a0594128498271d74e4e.jpeg?odnHeight=450&amp;odnWidth=450&amp;odnBg=FFFFFF</largeImage><entityType>SECONDARY</entityType></imageEntities><imageEntities><thumbnailImage>https://i5.walmartimages.com/asr/31d0e51c-75df-4aeb-973c-619892143694_1.d63c68db86a25df7831fee40a8891718.jpeg?odnHeight=100&amp;odnWidth=100&amp;odnBg=FFFFFF</thumbnailImage><mediumImage>https://i5.walmartimages.com/asr/31d0e51c-75df-4aeb-973c-619892143694_1.d63c68db86a25df7831fee40a8891718.jpeg?odnHeight=180&amp;odnWidth=180&amp;odnBg=FFFFFF</mediumImage><largeImage>https://i5.walmartimages.com/asr/31d0e51c-75df-4aeb-973c-619892143694_1.d63c68db86a25df7831fee40a8891718.jpeg?odnHeight=450&amp;odnWidth=450&amp;odnBg=FFFFFF</largeImage><entityType>SECONDARY</entityType></imageEntities><imageEntities><thumbnailImage>https://i5.walmartimages.com/asr/f2ea2bd4-5c2b-4c3d-9bd3-564c911dc964_1.b9e0402a8b6e0eb27157498bf4defcdb.jpeg?odnHeight=100&amp;odnWidth=100&amp;odnBg=FFFFFF</thumbnailImage><mediumImage>https://i5.walmartimages.com/asr/f2ea2bd4-5c2b-4c3d-9bd3-564c911dc964_1.b9e0402a8b6e0eb27157498bf4defcdb.jpeg?odnHeight=180&amp;odnWidth=180&amp;odnBg=FFFFFF</mediumImage><largeImage>https://i5.walmartimages.com/asr/f2ea2bd4-5c2b-4c3d-9bd3-564c911dc964_1.b9e0402a8b6e0eb27157498bf4defcdb.jpeg?odnHeight=450&amp;odnWidth=450&amp;odnBg=FFFFFF</largeImage><entityType>SECONDARY</entityType></imageEntities><imageEntities><thumbnailImage>https://i5.walmartimages.com/asr/dd4e58b3-88fc-4011-8a84-830327aba09f_1.e234d21388f18bcd798dea680b4fed30.jpeg?odnHeight=100&amp;odnWidth=100&amp;odnBg=FFFFFF</thumbnailImage><mediumImage>https://i5.walmartimages.com/asr/dd4e58b3-88fc-4011-8a84-830327aba09f_1.e234d21388f18bcd798dea680b4fed30.jpeg?odnHeight=180&amp;odnWidth=180&amp;odnBg=FFFFFF</mediumImage><largeImage>https://i5.walmartimages.com/asr/dd4e58b3-88fc-4011-8a84-830327aba09f_1.e234d21388f18bcd798dea680b4fed30.jpeg?odnHeight=450&amp;odnWidth=450&amp;odnBg=FFFFFF</largeImage><entityType>SECONDARY</entityType></imageEntities><imageEntities><thumbnailImage>https://i5.walmartimages.com/asr/3546627b-cf1c-4b7a-b6fc-d7fd3d52c02a_1.b5c2c953db103d317ac0b2bf307c9b99.jpeg?odnHeight=100&amp;odnWidth=100&amp;odnBg=FFFFFF</thumbnailImage><mediumImage>https://i5.walmartimages.com/asr/3546627b-cf1c-4b7a-b6fc-d7fd3d52c02a_1.b5c2c953db103d317ac0b2bf307c9b99.jpeg?odnHeight=180&amp;odnWidth=180&amp;odnBg=FFFFFF</mediumImage><largeImage>https://i5.walmartimages.com/asr/3546627b-cf1c-4b7a-b6fc-d7fd3d52c02a_1.b5c2c953db103d317ac0b2bf307c9b99.jpeg?odnHeight=450&amp;odnWidth=450&amp;odnBg=FFFFFF</largeImage><entityType>SECONDARY</entityType></imageEntities><imageEntities><thumbnailImage>https://i5.walmartimages.com/asr/e47e0c2a-898a-47d4-a1e2-1ace72a245a7_1.a8a296a7418099a811d64e517e54494b.jpeg?odnHeight=100&amp;odnWidth=100&amp;odnBg=FFFFFF</thumbnailImage><mediumImage>https://i5.walmartimages.com/asr/e47e0c2a-898a-47d4-a1e2-1ace72a245a7_1.a8a296a7418099a811d64e517e54494b.jpeg?odnHeight=180&amp;odnWidth=180&amp;odnBg=FFFFFF</mediumImage><largeImage>https://i5.walmartimages.com/asr/e47e0c2a-898a-47d4-a1e2-1ace72a245a7_1.a8a296a7418099a811d64e517e54494b.jpeg?odnHeight=450&amp;odnWidth=450&amp;odnBg=FFFFFF</largeImage><entityType>SECONDARY</entityType></imageEntities><imageEntities><thumbnailImage>https://i5.walmartimages.com/asr/48345eb5-1666-4b2e-ae51-24638a14db96_1.6468aa7ce3e4c639400985a9c35dad0e.jpeg?odnHeight=100&amp;odnWidth=100&amp;odnBg=FFFFFF</thumbnailImage><mediumImage>https://i5.walmartimages.com/asr/48345eb5-1666-4b2e-ae51-24638a14db96_1.6468aa7ce3e4c639400985a9c35dad0e.jpeg?odnHeight=180&amp;odnWidth=180&amp;odnBg=FFFFFF</mediumImage><largeImage>https://i5.walmartimages.com/asr/48345eb5-1666-4b2e-ae51-24638a14db96_1.6468aa7ce3e4c639400985a9c35dad0e.jpeg?odnHeight=450&amp;odnWidth=450&amp;odnBg=FFFFFF</largeImage><entityType>SECONDARY</entityType></imageEntities><imageEntities><thumbnailImage>https://i5.walmartimages.com/asr/d69985cb-ea9a-4104-ba90-6ad20beca4b2_1.52b6781e89cf6c05970241ac410e7cfb.jpeg?odnHeight=100&amp;odnWidth=100&amp;odnBg=FFFFFF</thumbnailImage><mediumImage>https://i5.walmartimages.com/asr/d69985cb-ea9a-4104-ba90-6ad20beca4b2_1.52b6781e89cf6c05970241ac410e7cfb.jpeg?odnHeight=180&amp;odnWidth=180&amp;odnBg=FFFFFF</mediumImage><largeImage>https://i5.walmartimages.com/asr/d69985cb-ea9a-4104-ba90-6ad20beca4b2_1.52b6781e89cf6c05970241ac410e7cfb.jpeg?odnHeight=450&amp;odnWidth=450&amp;odnBg=FFFFFF</largeImage><entityType>SECONDARY</entityType></imageEntities><imageEntities><thumbnailImage>https://i5.walmartimages.com/asr/f0cd35fb-5aa6-4112-b2dc-bfafab3ce1da_1.8219579b193485ed34c6a499250e6df8.jpeg?odnHeight=100&amp;odnWidth=100&amp;odnBg=FFFFFF</thumbnailImage><mediumImage>https://i5.walmartimages.com/asr/f0cd35fb-5aa6-4112-b2dc-bfafab3ce1da_1.8219579b193485ed34c6a499250e6df8.jpeg?odnHeight=180&amp;odnWidth=180&amp;odnBg=FFFFFF</mediumImage><largeImage>https://i5.walmartimages.com/asr/f0cd35fb-5aa6-4112-b2dc-bfafab3ce1da_1.8219579b193485ed34c6a499250e6df8.jpeg?odnHeight=450&amp;odnWidth=450&amp;odnBg=FFFFFF</largeImage><entityType>SECONDARY</entityType></imageEntities><imageEntities><thumbnailImage>https://i5.walmartimages.com/asr/fded7f4a-54ba-44df-a5ef-e2ec367b84d9_1.0299b537a79d5931c39749b71d8736a5.jpeg?odnHeight=100&amp;odnWidth=100&amp;odnBg=FFFFFF</thumbnailImage><mediumImage>https://i5.walmartimages.com/asr/fded7f4a-54ba-44df-a5ef-e2ec367b84d9_1.0299b537a79d5931c39749b71d8736a5.jpeg?odnHeight=180&amp;odnWidth=180&amp;odnBg=FFFFFF</mediumImage><largeImage>https://i5.walmartimages.com/asr/fded7f4a-54ba-44df-a5ef-e2ec367b84d9_1.0299b537a79d5931c39749b71d8736a5.jpeg?odnHeight=450&amp;odnWidth=450&amp;odnBg=FFFFFF</largeImage><entityType>SECONDARY</entityType></imageEntities><imageEntities><thumbnailImage>https://i5.walmartimages.com/asr/0ffb934e-69db-4c98-8bc2-010cf50400e6_1.85345a87323b367391fe233ea0cd3f31.jpeg?odnHeight=100&amp;odnWidth=100&amp;odnBg=FFFFFF</thumbnailImage><mediumImage>https://i5.walmartimages.com/asr/0ffb934e-69db-4c98-8bc2-010cf50400e6_1.85345a87323b367391fe233ea0cd3f31.jpeg?odnHeight=180&amp;odnWidth=180&amp;odnBg=FFFFFF</mediumImage><largeImage>https://i5.walmartimages.com/asr/0ffb934e-69db-4c98-8bc2-010cf50400e6_1.85345a87323b367391fe233ea0cd3f31.jpeg?odnHeight=450&amp;odnWidth=450&amp;odnBg=FFFFFF</largeImage><entityType>SECONDARY</entityType></imageEntities><imageEntities><thumbnailImage>https://i5.walmartimages.com/asr/584e2975-97a3-4855-a509-aa56894934bd_1.8e6d139aa73a520de74fc2a1797ea524.jpeg?odnHeight=100&amp;odnWidth=100&amp;odnBg=FFFFFF</thumbnailImage><mediumImage>https://i5.walmartimages.com/asr/584e2975-97a3-4855-a509-aa56894934bd_1.8e6d139aa73a520de74fc2a1797ea524.jpeg?odnHeight=180&amp;odnWidth=180&amp;odnBg=FFFFFF</mediumImage><largeImage>https://i5.walmartimages.com/asr/584e2975-97a3-4855-a509-aa56894934bd_1.8e6d139aa73a520de74fc2a1797ea524.jpeg?odnHeight=450&amp;odnWidth=450&amp;odnBg=FFFFFF</largeImage><entityType>SECONDARY</entityType></imageEntities><imageEntities><thumbnailImage>https://i5.walmartimages.com/asr/6fd9b386-f2e8-4f0d-b6b2-0cb15593d2ab_1.6a6efd0a1587ed69ad1402aed1e4c165.jpeg?odnHeight=100&amp;odnWidth=100&amp;odnBg=FFFFFF</thumbnailImage><mediumImage>https://i5.walmartimages.com/asr/6fd9b386-f2e8-4f0d-b6b2-0cb15593d2ab_1.6a6efd0a1587ed69ad1402aed1e4c165.jpeg?odnHeight=180&amp;odnWidth=180&amp;odnBg=FFFFFF</mediumImage><largeImage>https://i5.walmartimages.com/asr/6fd9b386-f2e8-4f0d-b6b2-0cb15593d2ab_1.6a6efd0a1587ed69ad1402aed1e4c165.jpeg?odnHeight=450&amp;odnWidth=450&amp;odnBg=FFFFFF</largeImage><entityType>SECONDARY</entityType></imageEntities><imageEntities><thumbnailImage>https://i5.walmartimages.com/asr/04e191ab-c1fe-4bb2-abd4-0e079982b6f6_1.23b40c28d676178f41a1a24b88997e5c.jpeg?odnHeight=100&amp;odnWidth=100&amp;odnBg=FFFFFF</thumbnailImage><mediumImage>https://i5.walmartimages.com/asr/04e191ab-c1fe-4bb2-abd4-0e079982b6f6_1.23b40c28d676178f41a1a24b88997e5c.jpeg?odnHeight=180&amp;odnWidth=180&amp;odnBg=FFFFFF</mediumImage><largeImage>https://i5.walmartimages.com/asr/04e191ab-c1fe-4bb2-abd4-0e079982b6f6_1.23b40c28d676178f41a1a24b88997e5c.jpeg?odnHeight=450&amp;odnWidth=450&amp;odnBg=FFFFFF</largeImage><entityType>SECONDARY</entityType></imageEntities><imageEntities><thumbnailImage>https://i5.walmartimages.com/asr/ae73cb2d-d6b4-4e1f-999b-71eab332945a_1.1c265ecf866c3cd806c9da8aa6f1e237.jpeg?odnHeight=100&amp;odnWidth=100&amp;odnBg=FFFFFF</thumbnailImage><mediumImage>https://i5.walmartimages.com/asr/ae73cb2d-d6b4-4e1f-999b-71eab332945a_1.1c265ecf866c3cd806c9da8aa6f1e237.jpeg?odnHeight=180&amp;odnWidth=180&amp;odnBg=FFFFFF</mediumImage><largeImage>https://i5.walmartimages.com/asr/ae73cb2d-d6b4-4e1f-999b-71eab332945a_1.1c265ecf866c3cd806c9da8aa6f1e237.jpeg?odnHeight=450&amp;odnWidth=450&amp;odnBg=FFFFFF</largeImage><entityType>SECONDARY</entityType></imageEntities><imageEntities><thumbnailImage>https://i5.walmartimages.com/asr/14a9f04b-cab6-4a3f-95ff-0b84f1a278b1_1.e5099c60bd00ae06e0ce0cff09bef597.jpeg?odnHeight=100&amp;odnWidth=100&amp;odnBg=FFFFFF</thumbnailImage><mediumImage>https://i5.walmartimages.com/asr/14a9f04b-cab6-4a3f-95ff-0b84f1a278b1_1.e5099c60bd00ae06e0ce0cff09bef597.jpeg?odnHeight=180&amp;odnWidth=180&amp;odnBg=FFFFFF</mediumImage><largeImage>https://i5.walmartimages.com/asr/14a9f04b-cab6-4a3f-95ff-0b84f1a278b1_1.e5099c60bd00ae06e0ce0cff09bef597.jpeg?odnHeight=450&amp;odnWidth=450&amp;odnBg=FFFFFF</largeImage><entityType>SECONDARY</entityType></imageEntities><imageEntities><thumbnailImage>https://i5.walmartimages.com/asr/105015ce-850d-4943-8c50-28b893a375a8_1.d7c89d24e4e765376698117a1f2f40b1.jpeg?odnHeight=100&amp;odnWidth=100&amp;odnBg=FFFFFF</thumbnailImage><mediumImage>https://i5.walmartimages.com/asr/105015ce-850d-4943-8c50-28b893a375a8_1.d7c89d24e4e765376698117a1f2f40b1.jpeg?odnHeight=180&amp;odnWidth=180&amp;odnBg=FFFFFF</mediumImage><largeImage>https://i5.walmartimages.com/asr/105015ce-850d-4943-8c50-28b893a375a8_1.d7c89d24e4e765376698117a1f2f40b1.jpeg?odnHeight=450&amp;odnWidth=450&amp;odnBg=FFFFFF</largeImage><entityType>SECONDARY</entityType></imageEntities><imageEntities><thumbnailImage>https://i5.walmartimages.com/asr/4f4596ac-7732-4f59-9fd5-f5782402f486_1.163ed3c5800f94647e6dfe393cc72727.jpeg?odnHeight=100&amp;odnWidth=100&amp;odnBg=FFFFFF</thumbnailImage><mediumImage>https://i5.walmartimages.com/asr/4f4596ac-7732-4f59-9fd5-f5782402f486_1.163ed3c5800f94647e6dfe393cc72727.jpeg?odnHeight=180&amp;odnWidth=180&amp;odnBg=FFFFFF</mediumImage><largeImage>https://i5.walmartimages.com/asr/4f4596ac-7732-4f59-9fd5-f5782402f486_1.163ed3c5800f94647e6dfe393cc72727.jpeg?odnHeight=450&amp;odnWidth=450&amp;odnBg=FFFFFF</largeImage><entityType>SECONDARY</entityType></imageEntities><imageEntities><thumbnailImage>https://i5.walmartimages.com/asr/b5b725ff-500b-4dd1-9e60-dcda331f0c40_1.99f78aa75a4b79ca1714c2b17bfabbd8.jpeg?odnHeight=100&amp;odnWidth=100&amp;odnBg=FFFFFF</thumbnailImage><mediumImage>https://i5.walmartimages.com/asr/b5b725ff-500b-4dd1-9e60-dcda331f0c40_1.99f78aa75a4b79ca1714c2b17bfabbd8.jpeg?odnHeight=180&amp;odnWidth=180&amp;odnBg=FFFFFF</mediumImage><largeImage>https://i5.walmartimages.com/asr/b5b725ff-500b-4dd1-9e60-dcda331f0c40_1.99f78aa75a4b79ca1714c2b17bfabbd8.jpeg?odnHeight=450&amp;odnWidth=450&amp;odnBg=FFFFFF</largeImage><entityType>SECONDARY</entityType></imageEntities><imageEntities><thumbnailImage>https://i5.walmartimages.com/asr/ced59c54-9a3a-44b0-ac33-0f80ca7ff416_1.3a7497873aae56a4848804d8eeca4fa2.jpeg?odnHeight=100&amp;odnWidth=100&amp;odnBg=FFFFFF</thumbnailImage><mediumImage>https://i5.walmartimages.com/asr/ced59c54-9a3a-44b0-ac33-0f80ca7ff416_1.3a7497873aae56a4848804d8eeca4fa2.jpeg?odnHeight=180&amp;odnWidth=180&amp;odnBg=FFFFFF</mediumImage><largeImage>https://i5.walmartimages.com/asr/ced59c54-9a3a-44b0-ac33-0f80ca7ff416_1.3a7497873aae56a4848804d8eeca4fa2.jpeg?odnHeight=450&amp;odnWidth=450&amp;odnBg=FFFFFF</largeImage><entityType>SECONDARY</entityType></imageEntities><imageEntities><thumbnailImage>https://i5.walmartimages.com/asr/ea35d9be-8ab0-43e1-83ef-93fa51a6525d_1.8b3b8931bbc107766e0af7bda78c10ed.jpeg?odnHeight=100&amp;odnWidth=100&amp;odnBg=FFFFFF</thumbnailImage><mediumImage>https://i5.walmartimages.com/asr/ea35d9be-8ab0-43e1-83ef-93fa51a6525d_1.8b3b8931bbc107766e0af7bda78c10ed.jpeg?odnHeight=180&amp;odnWidth=180&amp;odnBg=FFFFFF</mediumImage><largeImage>https://i5.walmartimages.com/asr/ea35d9be-8ab0-43e1-83ef-93fa51a6525d_1.8b3b8931bbc107766e0af7bda78c10ed.jpeg?odnHeight=450&amp;odnWidth=450&amp;odnBg=FFFFFF</largeImage><entityType>SECONDARY</entityType></imageEntities><imageEntities><thumbnailImage>https://i5.walmartimages.com/asr/8757f454-a9ee-4a72-b185-ceed64d1d779_1.24d42587024e9c6d149ec7abf77b3010.jpeg?odnHeight=100&amp;odnWidth=100&amp;odnBg=FFFFFF</thumbnailImage><mediumImage>https://i5.walmartimages.com/asr/8757f454-a9ee-4a72-b185-ceed64d1d779_1.24d42587024e9c6d149ec7abf77b3010.jpeg?odnHeight=180&amp;odnWidth=180&amp;odnBg=FFFFFF</mediumImage><largeImage>https://i5.walmartimages.com/asr/8757f454-a9ee-4a72-b185-ceed64d1d779_1.24d42587024e9c6d149ec7abf77b3010.jpeg?odnHeight=450&amp;odnWidth=450&amp;odnBg=FFFFFF</largeImage><entityType>SECONDARY</entityType></imageEntities><imageEntities><thumbnailImage>https://i5.walmartimages.com/asr/1e614b64-11bb-4318-a858-bc6ed3ffb6cf_1.10440c7def5baa92f48b1f4f4573ff91.jpeg?odnHeight=100&amp;odnWidth=100&amp;odnBg=FFFFFF</thumbnailImage><mediumImage>https://i5.walmartimages.com/asr/1e614b64-11bb-4318-a858-bc6ed3ffb6cf_1.10440c7def5baa92f48b1f4f4573ff91.jpeg?odnHeight=180&amp;odnWidth=180&amp;odnBg=FFFFFF</mediumImage><largeImage>https://i5.walmartimages.com/asr/1e614b64-11bb-4318-a858-bc6ed3ffb6cf_1.10440c7def5baa92f48b1f4f4573ff91.jpeg?odnHeight=450&amp;odnWidth=450&amp;odnBg=FFFFFF</largeImage><entityType>SECONDARY</entityType></imageEntities><imageEntities><thumbnailImage>https://i5.walmartimages.com/asr/cecd7151-08ae-47ce-84f2-b46abda0f5ca_1.22789781b5d7d5632eea50d3789f2156.jpeg?odnHeight=100&amp;odnWidth=100&amp;odnBg=FFFFFF</thumbnailImage><mediumImage>https://i5.walmartimages.com/asr/cecd7151-08ae-47ce-84f2-b46abda0f5ca_1.22789781b5d7d5632eea50d3789f2156.jpeg?odnHeight=180&amp;odnWidth=180&amp;odnBg=FFFFFF</mediumImage><largeImage>https://i5.walmartimages.com/asr/cecd7151-08ae-47ce-84f2-b46abda0f5ca_1.22789781b5d7d5632eea50d3789f2156.jpeg?odnHeight=450&amp;odnWidth=450&amp;odnBg=FFFFFF</largeImage><entityType>PRIMARY</entityType></imageEntities></imageEntities><offerType>ONLINE_AND_STORE</offerType><isTwoDayShippingEligible>true</isTwoDayShippingEligible><availableOnline>true</availableOnline></item><item><itemId>541357139</itemId><parentItemId>541357139</parentItemId><name>Apple iPod touch 128GB</name><msrp>299.0</msrp><salePrice>289.0</salePrice><upc>888462503181</upc><categoryPath>Electronics/Portable Audio/Apple iPods/iPod Touch</categoryPath><shortDescription>iPod touch is the perfect way to carry your music collection in your pocket. Now in 5 stunning colors. Listen to your favorite songs from Apple Music1 and iTunes. iPod touch offers the ultimate mobile gaming experience. Take great photos and videos with the new 8MP iSight camera and make video calls with the improved FaceTime HD camera.2 And stay connected with Messages and the most popular social networking apps. All on a 4-inch Retina display.3</shortDescription><longDescription>2015 Apple Inc. All rights reserved.</longDescription><thumbnailImage>https://i5.walmartimages.com/asr/d29dd960-03f9-48ec-8401-5ab9c0f2e05c_1.0eb296c8cce6a845625eaa3db127cfa7.jpeg?odnHeight=100&amp;odnWidth=100&amp;odnBg=FFFFFF</thumbnailImage><mediumImage>https://i5.walmartimages.com/asr/d29dd960-03f9-48ec-8401-5ab9c0f2e05c_1.0eb296c8cce6a845625eaa3db127cfa7.jpeg?odnHeight=180&amp;odnWidth=180&amp;odnBg=FFFFFF</mediumImage><largeImage>https://i5.walmartimages.com/asr/d29dd960-03f9-48ec-8401-5ab9c0f2e05c_1.0eb296c8cce6a845625eaa3db127cfa7.jpeg?odnHeight=450&amp;odnWidth=450&amp;odnBg=FFFFFF</largeImage><productTrackingUrl>http://linksynergy.walmart.com/fs-bin/click?id=|LSNID|&amp;offerid=223073.7200&amp;type=14&amp;catid=8&amp;subid=0&amp;hid=7200&amp;tmpid=1082&amp;RD_PARM1=https%253A%252F%252Fwww.walmart.com%252Fip%252FApple-iPod-touch-128GB%252F541357139%253Faffp1%253D3UIqxDLINFE2s96wIa1YSu3TakSRkgaPlu3dizTOwm0%2526affilsrc%253Dapi</productTrackingUrl><standardShipRate>0.0</standardShipRate><marketplace>false</marketplace><modelNumber>MKWM2LL/A</modelNumber><productUrl>http://c.affil.walmart.com/t/api02?l=https%3A%2F%2Fwww.walmart.com%2Fip%2FApple-iPod-touch-128GB%2F541357139%3Faffp1%3D3UIqxDLINFE2s96wIa1YSu3TakSRkgaPlu3dizTOwm0%26affilsrc%3Dapi%26veh%3Daff%26wmlspartner%3Dreadonlyapi</productUrl><customerRating>4.0</customerRating><numReviews>5</numReviews><customerRatingImage>http://i2.walmartimages.com/i/CustRating/4.gif</customerRatingImage><categoryNode>3944_96469_1231508</categoryNode><bundle>false</bundle><stock>Available</stock><addToCartUrl>http://c.affil.walmart.com/t/api02?l=http%3A%2F%2Faffil.walmart.com%2Fcart%2FaddToCart%3Fitems%3D541357139%7C1%26affp1%3D3UIqxDLINFE2s96wIa1YSu3TakSRkgaPlu3dizTOwm0%26affilsrc%3Dapi%26veh%3Daff%26wmlspartner%3Dreadonlyapi</addToCartUrl><affiliateAddToCartUrl>http://linksynergy.walmart.com/fs-bin/click?id=|LSNID|&amp;offerid=223073.7200&amp;type=14&amp;catid=8&amp;subid=0&amp;hid=7200&amp;tmpid=1082&amp;RD_PARM1=http%253A%252F%252Faffil.walmart.com%252Fcart%252FaddToCart%253Fitems%253D541357139%257C1%2526affp1%253D3UIqxDLINFE2s96wIa1YSu3TakSRkgaPlu3dizTOwm0%2526affilsrc%253Dapi</affiliateAddToCartUrl><giftOptions><allowGiftWrap>false</allowGiftWrap><allowGiftMessage>false</allowGiftMessage><allowGiftReceipt>false</allowGiftReceipt></giftOptions><imageEntities><imageEntities><thumbnailImage>https://i5.walmartimages.com/asr/08b98940-eaa4-4638-b797-a1fb6e0f1a4d_1.cc8169e1d2d3139dab86206d84602613.jpeg?odnHeight=100&amp;odnWidth=100&amp;odnBg=FFFFFF</thumbnailImage><mediumImage>https://i5.walmartimages.com/asr/08b98940-eaa4-4638-b797-a1fb6e0f1a4d_1.cc8169e1d2d3139dab86206d84602613.jpeg?odnHeight=180&amp;odnWidth=180&amp;odnBg=FFFFFF</mediumImage><largeImage>https://i5.walmartimages.com/asr/08b98940-eaa4-4638-b797-a1fb6e0f1a4d_1.cc8169e1d2d3139dab86206d84602613.jpeg?odnHeight=450&amp;odnWidth=450&amp;odnBg=FFFFFF</largeImage><entityType>SECONDARY</entityType></imageEntities><imageEntities><thumbnailImage>https://i5.walmartimages.com/asr/0a5c5fea-edcb-4260-993b-327392154d5c_1.5b65a4473f8e8c94b01093238a903298.jpeg?odnHeight=100&amp;odnWidth=100&amp;odnBg=FFFFFF</thumbnailImage><mediumImage>https://i5.walmartimages.com/asr/0a5c5fea-edcb-4260-993b-327392154d5c_1.5b65a4473f8e8c94b01093238a903298.jpeg?odnHeight=180&amp;odnWidth=180&amp;odnBg=FFFFFF</mediumImage><largeImage>https://i5.walmartimages.com/asr/0a5c5fea-edcb-4260-993b-327392154d5c_1.5b65a4473f8e8c94b01093238a903298.jpeg?odnHeight=450&amp;odnWidth=450&amp;odnBg=FFFFFF</largeImage><entityType>SECONDARY</entityType></imageEntities><imageEntities><thumbnailImage>https://i5.walmartimages.com/asr/e51d5e00-7a75-4bdb-8807-2de5f7203032_1.80654954d446afa0d4c6d6b53cdc9561.jpeg?odnHeight=100&amp;odnWidth=100&amp;odnBg=FFFFFF</thumbnailImage><mediumImage>https://i5.walmartimages.com/asr/e51d5e00-7a75-4bdb-8807-2de5f7203032_1.80654954d446afa0d4c6d6b53cdc9561.jpeg?odnHeight=180&amp;odnWidth=180&amp;odnBg=FFFFFF</mediumImage><largeImage>https://i5.walmartimages.com/asr/e51d5e00-7a75-4bdb-8807-2de5f7203032_1.80654954d446afa0d4c6d6b53cdc9561.jpeg?odnHeight=450&amp;odnWidth=450&amp;odnBg=FFFFFF</largeImage><entityType>SECONDARY</entityType></imageEntities><imageEntities><thumbnailImage>https://i5.walmartimages.com/asr/db23acd5-b54b-4762-b285-3bcae373bcea_1.6a6efd0a1587ed69ad1402aed1e4c165.jpeg?odnHeight=100&amp;odnWidth=100&amp;odnBg=FFFFFF</thumbnailImage><mediumImage>https://i5.walmartimages.com/asr/db23acd5-b54b-4762-b285-3bcae373bcea_1.6a6efd0a1587ed69ad1402aed1e4c165.jpeg?odnHeight=180&amp;odnWidth=180&amp;odnBg=FFFFFF</mediumImage><largeImage>https://i5.walmartimages.com/asr/db23acd5-b54b-4762-b285-3bcae373bcea_1.6a6efd0a1587ed69ad1402aed1e4c165.jpeg?odnHeight=450&amp;odnWidth=450&amp;odnBg=FFFFFF</largeImage><entityType>SECONDARY</entityType></imageEntities><imageEntities><thumbnailImage>https://i5.walmartimages.com/asr/dc797330-5e01-428a-bb23-4811b92d02ef_1.86e47ad2a2599b786d32406661b82c1c.jpeg?odnHeight=100&amp;odnWidth=100&amp;odnBg=FFFFFF</thumbnailImage><mediumImage>https://i5.walmartimages.com/asr/dc797330-5e01-428a-bb23-4811b92d02ef_1.86e47ad2a2599b786d32406661b82c1c.jpeg?odnHeight=180&amp;odnWidth=180&amp;odnBg=FFFFFF</mediumImage><largeImage>https://i5.walmartimages.com/asr/dc797330-5e01-428a-bb23-4811b92d02ef_1.86e47ad2a2599b786d32406661b82c1c.jpeg?odnHeight=450&amp;odnWidth=450&amp;odnBg=FFFFFF</largeImage><entityType>SECONDARY</entityType></imageEntities><imageEntities><thumbnailImage>https://i5.walmartimages.com/asr/f144219d-04c4-4a0a-be1c-74b4d9d88f5f_1.f8509c8d1047608fe08957e4ccbd39ed.jpeg?odnHeight=100&amp;odnWidth=100&amp;odnBg=FFFFFF</thumbnailImage><mediumImage>https://i5.walmartimages.com/asr/f144219d-04c4-4a0a-be1c-74b4d9d88f5f_1.f8509c8d1047608fe08957e4ccbd39ed.jpeg?odnHeight=180&amp;odnWidth=180&amp;odnBg=FFFFFF</mediumImage><largeImage>https://i5.walmartimages.com/asr/f144219d-04c4-4a0a-be1c-74b4d9d88f5f_1.f8509c8d1047608fe08957e4ccbd39ed.jpeg?odnHeight=450&amp;odnWidth=450&amp;odnBg=FFFFFF</largeImage><entityType>SECONDARY</entityType></imageEntities><imageEntities><thumbnailImage>https://i5.walmartimages.com/asr/6ee85fd7-4bbc-42e4-9736-673a9573c352_1.6468aa7ce3e4c639400985a9c35dad0e.jpeg?odnHeight=100&amp;odnWidth=100&amp;odnBg=FFFFFF</thumbnailImage><mediumImage>https://i5.walmartimages.com/asr/6ee85fd7-4bbc-42e4-9736-673a9573c352_1.6468aa7ce3e4c639400985a9c35dad0e.jpeg?odnHeight=180&amp;odnWidth=180&amp;odnBg=FFFFFF</mediumImage><largeImage>https://i5.walmartimages.com/asr/6ee85fd7-4bbc-42e4-9736-673a9573c352_1.6468aa7ce3e4c639400985a9c35dad0e.jpeg?odnHeight=450&amp;odnWidth=450&amp;odnBg=FFFFFF</largeImage><entityType>SECONDARY</entityType></imageEntities><imageEntities><thumbnailImage>https://i5.walmartimages.com/asr/b87a6fa7-7faa-4581-a042-7df49d80daf4_1.096bad1916424cb8ae90487f77a9ec86.jpeg?odnHeight=100&amp;odnWidth=100&amp;odnBg=FFFFFF</thumbnailImage><mediumImage>https://i5.walmartimages.com/asr/b87a6fa7-7faa-4581-a042-7df49d80daf4_1.096bad1916424cb8ae90487f77a9ec86.jpeg?odnHeight=180&amp;odnWidth=180&amp;odnBg=FFFFFF</mediumImage><largeImage>https://i5.walmartimages.com/asr/b87a6fa7-7faa-4581-a042-7df49d80daf4_1.096bad1916424cb8ae90487f77a9ec86.jpeg?odnHeight=450&amp;odnWidth=450&amp;odnBg=FFFFFF</largeImage><entityType>SECONDARY</entityType></imageEntities><imageEntities><thumbnailImage>https://i5.walmartimages.com/asr/8b437164-09f8-48bc-a590-b81dd733ca51_1.2a41616147e46df5322d837546944aa7.jpeg?odnHeight=100&amp;odnWidth=100&amp;odnBg=FFFFFF</thumbnailImage><mediumImage>https://i5.walmartimages.com/asr/8b437164-09f8-48bc-a590-b81dd733ca51_1.2a41616147e46df5322d837546944aa7.jpeg?odnHeight=180&amp;odnWidth=180&amp;odnBg=FFFFFF</mediumImage><largeImage>https://i5.walmartimages.com/asr/8b437164-09f8-48bc-a590-b81dd733ca51_1.2a41616147e46df5322d837546944aa7.jpeg?odnHeight=450&amp;odnWidth=450&amp;odnBg=FFFFFF</largeImage><entityType>SECONDARY</entityType></imageEntities><imageEntities><thumbnailImage>https://i5.walmartimages.com/asr/ded3d938-e229-47e4-a254-36662440876a_1.bfe2f097920035740e59e377e510eee9.jpeg?odnHeight=100&amp;odnWidth=100&amp;odnBg=FFFFFF</thumbnailImage><mediumImage>https://i5.walmartimages.com/asr/ded3d938-e229-47e4-a254-36662440876a_1.bfe2f097920035740e59e377e510eee9.jpeg?odnHeight=180&amp;odnWidth=180&amp;odnBg=FFFFFF</mediumImage><largeImage>https://i5.walmartimages.com/asr/ded3d938-e229-47e4-a254-36662440876a_1.bfe2f097920035740e59e377e510eee9.jpeg?odnHeight=450&amp;odnWidth=450&amp;odnBg=FFFFFF</largeImage><entityType>SECONDARY</entityType></imageEntities><imageEntities><thumbnailImage>https://i5.walmartimages.com/asr/418c961f-79c8-4ad0-aa37-e2a3f5027dbf_1.50abb74821ec975d048fea992968de0e.jpeg?odnHeight=100&amp;odnWidth=100&amp;odnBg=FFFFFF</thumbnailImage><mediumImage>https://i5.walmartimages.com/asr/418c961f-79c8-4ad0-aa37-e2a3f5027dbf_1.50abb74821ec975d048fea992968de0e.jpeg?odnHeight=180&amp;odnWidth=180&amp;odnBg=FFFFFF</mediumImage><largeImage>https://i5.walmartimages.com/asr/418c961f-79c8-4ad0-aa37-e2a3f5027dbf_1.50abb74821ec975d048fea992968de0e.jpeg?odnHeight=450&amp;odnWidth=450&amp;odnBg=FFFFFF</largeImage><entityType>SECONDARY</entityType></imageEntities><imageEntities><thumbnailImage>https://i5.walmartimages.com/asr/2ad11ac8-2dcb-43bd-b9b4-17f90747d2a6_1.1c265ecf866c3cd806c9da8aa6f1e237.jpeg?odnHeight=100&amp;odnWidth=100&amp;odnBg=FFFFFF</thumbnailImage><mediumImage>https://i5.walmartimages.com/asr/2ad11ac8-2dcb-43bd-b9b4-17f90747d2a6_1.1c265ecf866c3cd806c9da8aa6f1e237.jpeg?odnHeight=180&amp;odnWidth=180&amp;odnBg=FFFFFF</mediumImage><largeImage>https://i5.walmartimages.com/asr/2ad11ac8-2dcb-43bd-b9b4-17f90747d2a6_1.1c265ecf866c3cd806c9da8aa6f1e237.jpeg?odnHeight=450&amp;odnWidth=450&amp;odnBg=FFFFFF</largeImage><entityType>SECONDARY</entityType></imageEntities><imageEntities><thumbnailImage>https://i5.walmartimages.com/asr/849db080-fb9a-431e-af29-52cddf612ed1_1.b9b5231eca6bb4c2c7002463cd658f3b.jpeg?odnHeight=100&amp;odnWidth=100&amp;odnBg=FFFFFF</thumbnailImage><mediumImage>https://i5.walmartimages.com/asr/849db080-fb9a-431e-af29-52cddf612ed1_1.b9b5231eca6bb4c2c7002463cd658f3b.jpeg?odnHeight=180&amp;odnWidth=180&amp;odnBg=FFFFFF</mediumImage><largeImage>https://i5.walmartimages.com/asr/849db080-fb9a-431e-af29-52cddf612ed1_1.b9b5231eca6bb4c2c7002463cd658f3b.jpeg?odnHeight=450&amp;odnWidth=450&amp;odnBg=FFFFFF</largeImage><entityType>SECONDARY</entityType></imageEntities><imageEntities><thumbnailImage>https://i5.walmartimages.com/asr/2b1877b6-11d1-4a63-8b88-57a2114c8caf_1.c493b98597b3f2cc9387ec881ff5fbc3.jpeg?odnHeight=100&amp;odnWidth=100&amp;odnBg=FFFFFF</thumbnailImage><mediumImage>https://i5.walmartimages.com/asr/2b1877b6-11d1-4a63-8b88-57a2114c8caf_1.c493b98597b3f2cc9387ec881ff5fbc3.jpeg?odnHeight=180&amp;odnWidth=180&amp;odnBg=FFFFFF</mediumImage><largeImage>https://i5.walmartimages.com/asr/2b1877b6-11d1-4a63-8b88-57a2114c8caf_1.c493b98597b3f2cc9387ec881ff5fbc3.jpeg?odnHeight=450&amp;odnWidth=450&amp;odnBg=FFFFFF</largeImage><entityType>SECONDARY</entityType></imageEntities><imageEntities><thumbnailImage>https://i5.walmartimages.com/asr/76f38160-7870-4902-b277-0ab7c101bf92_1.7164a5fbada08bfc60f6f8ac9fb417a0.jpeg?odnHeight=100&amp;odnWidth=100&amp;odnBg=FFFFFF</thumbnailImage><mediumImage>https://i5.walmartimages.com/asr/76f38160-7870-4902-b277-0ab7c101bf92_1.7164a5fbada08bfc60f6f8ac9fb417a0.jpeg?odnHeight=180&amp;odnWidth=180&amp;odnBg=FFFFFF</mediumImage><largeImage>https://i5.walmartimages.com/asr/76f38160-7870-4902-b277-0ab7c101bf92_1.7164a5fbada08bfc60f6f8ac9fb417a0.jpeg?odnHeight=450&amp;odnWidth=450&amp;odnBg=FFFFFF</largeImage><entityType>SECONDARY</entityType></imageEntities><imageEntities><thumbnailImage>https://i5.walmartimages.com/asr/e8003202-8695-4906-9663-c97a5ac70eac_1.47ba34ef1d4eb303ffb3e5be5c09bf6a.jpeg?odnHeight=100&amp;odnWidth=100&amp;odnBg=FFFFFF</thumbnailImage><mediumImage>https://i5.walmartimages.com/asr/e8003202-8695-4906-9663-c97a5ac70eac_1.47ba34ef1d4eb303ffb3e5be5c09bf6a.jpeg?odnHeight=180&amp;odnWidth=180&amp;odnBg=FFFFFF</mediumImage><largeImage>https://i5.walmartimages.com/asr/e8003202-8695-4906-9663-c97a5ac70eac_1.47ba34ef1d4eb303ffb3e5be5c09bf6a.jpeg?odnHeight=450&amp;odnWidth=450&amp;odnBg=FFFFFF</largeImage><entityType>SECONDARY</entityType></imageEntities><imageEntities><thumbnailImage>https://i5.walmartimages.com/asr/a991e341-6743-4431-a706-584de4d0cdd4_1.b9e0402a8b6e0eb27157498bf4defcdb.jpeg?odnHeight=100&amp;odnWidth=100&amp;odnBg=FFFFFF</thumbnailImage><mediumImage>https://i5.walmartimages.com/asr/a991e341-6743-4431-a706-584de4d0cdd4_1.b9e0402a8b6e0eb27157498bf4defcdb.jpeg?odnHeight=180&amp;odnWidth=180&amp;odnBg=FFFFFF</mediumImage><largeImage>https://i5.walmartimages.com/asr/a991e341-6743-4431-a706-584de4d0cdd4_1.b9e0402a8b6e0eb27157498bf4defcdb.jpeg?odnHeight=450&amp;odnWidth=450&amp;odnBg=FFFFFF</largeImage><entityType>SECONDARY</entityType></imageEntities><imageEntities><thumbnailImage>https://i5.walmartimages.com/asr/8f1dd136-42be-4f14-b9e8-8e0ae57f035c_1.e234d21388f18bcd798dea680b4fed30.jpeg?odnHeight=100&amp;odnWidth=100&amp;odnBg=FFFFFF</thumbnailImage><mediumImage>https://i5.walmartimages.com/asr/8f1dd136-42be-4f14-b9e8-8e0ae57f035c_1.e234d21388f18bcd798dea680b4fed30.jpeg?odnHeight=180&amp;odnWidth=180&amp;odnBg=FFFFFF</mediumImage><largeImage>https://i5.walmartimages.com/asr/8f1dd136-42be-4f14-b9e8-8e0ae57f035c_1.e234d21388f18bcd798dea680b4fed30.jpeg?odnHeight=450&amp;odnWidth=450&amp;odnBg=FFFFFF</largeImage><entityType>SECONDARY</entityType></imageEntities><imageEntities><thumbnailImage>https://i5.walmartimages.com/asr/902f0a3c-893d-497d-af9a-5b958eaae76e_1.c584192869797cd6138d71215f08201e.jpeg?odnHeight=100&amp;odnWidth=100&amp;odnBg=FFFFFF</thumbnailImage><mediumImage>https://i5.walmartimages.com/asr/902f0a3c-893d-497d-af9a-5b958eaae76e_1.c584192869797cd6138d71215f08201e.jpeg?odnHeight=180&amp;odnWidth=180&amp;odnBg=FFFFFF</mediumImage><largeImage>https://i5.walmartimages.com/asr/902f0a3c-893d-497d-af9a-5b958eaae76e_1.c584192869797cd6138d71215f08201e.jpeg?odnHeight=450&amp;odnWidth=450&amp;odnBg=FFFFFF</largeImage><entityType>SECONDARY</entityType></imageEntities><imageEntities><thumbnailImage>https://i5.walmartimages.com/asr/e4ef5c48-259a-44ce-b122-ccf26034d6a8_1.c6b30b1f5deb8474fcdfd7f9fe06a8bb.jpeg?odnHeight=100&amp;odnWidth=100&amp;odnBg=FFFFFF</thumbnailImage><mediumImage>https://i5.walmartimages.com/asr/e4ef5c48-259a-44ce-b122-ccf26034d6a8_1.c6b30b1f5deb8474fcdfd7f9fe06a8bb.jpeg?odnHeight=180&amp;odnWidth=180&amp;odnBg=FFFFFF</mediumImage><largeImage>https://i5.walmartimages.com/asr/e4ef5c48-259a-44ce-b122-ccf26034d6a8_1.c6b30b1f5deb8474fcdfd7f9fe06a8bb.jpeg?odnHeight=450&amp;odnWidth=450&amp;odnBg=FFFFFF</largeImage><entityType>SECONDARY</entityType></imageEntities><imageEntities><thumbnailImage>https://i5.walmartimages.com/asr/112c54ea-c5e0-4a8f-b918-db0f4796f8f0_1.fe0b4f243a19536583455171dcf9bcf4.jpeg?odnHeight=100&amp;odnWidth=100&amp;odnBg=FFFFFF</thumbnailImage><mediumImage>https://i5.walmartimages.com/asr/112c54ea-c5e0-4a8f-b918-db0f4796f8f0_1.fe0b4f243a19536583455171dcf9bcf4.jpeg?odnHeight=180&amp;odnWidth=180&amp;odnBg=FFFFFF</mediumImage><largeImage>https://i5.walmartimages.com/asr/112c54ea-c5e0-4a8f-b918-db0f4796f8f0_1.fe0b4f243a19536583455171dcf9bcf4.jpeg?odnHeight=450&amp;odnWidth=450&amp;odnBg=FFFFFF</largeImage><entityType>SECONDARY</entityType></imageEntities><imageEntities><thumbnailImage>https://i5.walmartimages.com/asr/586f6523-93f8-455c-be43-5b177416a18e_1.731ea718adb0a023dd465a4bcc9fc027.jpeg?odnHeight=100&amp;odnWidth=100&amp;odnBg=FFFFFF</thumbnailImage><mediumImage>https://i5.walmartimages.com/asr/586f6523-93f8-455c-be43-5b177416a18e_1.731ea718adb0a023dd465a4bcc9fc027.jpeg?odnHeight=180&amp;odnWidth=180&amp;odnBg=FFFFFF</mediumImage><largeImage>https://i5.walmartimages.com/asr/586f6523-93f8-455c-be43-5b177416a18e_1.731ea718adb0a023dd465a4bcc9fc027.jpeg?odnHeight=450&amp;odnWidth=450&amp;odnBg=FFFFFF</largeImage><entityType>SECONDARY</entityType></imageEntities><imageEntities><thumbnailImage>https://i5.walmartimages.com/asr/6a01de57-bc66-45b4-ae87-6bbec9938ff6_1.7a7892e90285777a6e95dc9ff692284d.jpeg?odnHeight=100&amp;odnWidth=100&amp;odnBg=FFFFFF</thumbnailImage><mediumImage>https://i5.walmartimages.com/asr/6a01de57-bc66-45b4-ae87-6bbec9938ff6_1.7a7892e90285777a6e95dc9ff692284d.jpeg?odnHeight=180&amp;odnWidth=180&amp;odnBg=FFFFFF</mediumImage><largeImage>https://i5.walmartimages.com/asr/6a01de57-bc66-45b4-ae87-6bbec9938ff6_1.7a7892e90285777a6e95dc9ff692284d.jpeg?odnHeight=450&amp;odnWidth=450&amp;odnBg=FFFFFF</largeImage><entityType>SECONDARY</entityType></imageEntities><imageEntities><thumbnailImage>https://i5.walmartimages.com/asr/1e5dd056-0ecc-43b6-856f-bad622ba928b_1.e8cde394017ecb2334652473629f82a6.jpeg?odnHeight=100&amp;odnWidth=100&amp;odnBg=FFFFFF</thumbnailImage><mediumImage>https://i5.walmartimages.com/asr/1e5dd056-0ecc-43b6-856f-bad622ba928b_1.e8cde394017ecb2334652473629f82a6.jpeg?odnHeight=180&amp;odnWidth=180&amp;odnBg=FFFFFF</mediumImage><largeImage>https://i5.walmartimages.com/asr/1e5dd056-0ecc-43b6-856f-bad622ba928b_1.e8cde394017ecb2334652473629f82a6.jpeg?odnHeight=450&amp;odnWidth=450&amp;odnBg=FFFFFF</largeImage><entityType>SECONDARY</entityType></imageEntities><imageEntities><thumbnailImage>https://i5.walmartimages.com/asr/3ca5fd2a-42cf-499f-a9eb-0bc428ed3d15_1.7df0777dc5dac7f5486c4a3c9cca9aa4.jpeg?odnHeight=100&amp;odnWidth=100&amp;odnBg=FFFFFF</thumbnailImage><mediumImage>https://i5.walmartimages.com/asr/3ca5fd2a-42cf-499f-a9eb-0bc428ed3d15_1.7df0777dc5dac7f5486c4a3c9cca9aa4.jpeg?odnHeight=180&amp;odnWidth=180&amp;odnBg=FFFFFF</mediumImage><largeImage>https://i5.walmartimages.com/asr/3ca5fd2a-42cf-499f-a9eb-0bc428ed3d15_1.7df0777dc5dac7f5486c4a3c9cca9aa4.jpeg?odnHeight=450&amp;odnWidth=450&amp;odnBg=FFFFFF</largeImage><entityType>SECONDARY</entityType></imageEntities><imageEntities><thumbnailImage>https://i5.walmartimages.com/asr/33f2f1be-8c51-4850-8713-f95a756ce664_1.02a84789025bf91bce57c8b6e6de4af5.jpeg?odnHeight=100&amp;odnWidth=100&amp;odnBg=FFFFFF</thumbnailImage><mediumImage>https://i5.walmartimages.com/asr/33f2f1be-8c51-4850-8713-f95a756ce664_1.02a84789025bf91bce57c8b6e6de4af5.jpeg?odnHeight=180&amp;odnWidth=180&amp;odnBg=FFFFFF</mediumImage><largeImage>https://i5.walmartimages.com/asr/33f2f1be-8c51-4850-8713-f95a756ce664_1.02a84789025bf91bce57c8b6e6de4af5.jpeg?odnHeight=450&amp;odnWidth=450&amp;odnBg=FFFFFF</largeImage><entityType>SECONDARY</entityType></imageEntities><imageEntities><thumbnailImage>https://i5.walmartimages.com/asr/a31e0dce-a818-4992-9c12-c1c99b27a3a1_1.db577428935fbe512e17899527601c5a.jpeg?odnHeight=100&amp;odnWidth=100&amp;odnBg=FFFFFF</thumbnailImage><mediumImage>https://i5.walmartimages.com/asr/a31e0dce-a818-4992-9c12-c1c99b27a3a1_1.db577428935fbe512e17899527601c5a.jpeg?odnHeight=180&amp;odnWidth=180&amp;odnBg=FFFFFF</mediumImage><largeImage>https://i5.walmartimages.com/asr/a31e0dce-a818-4992-9c12-c1c99b27a3a1_1.db577428935fbe512e17899527601c5a.jpeg?odnHeight=450&amp;odnWidth=450&amp;odnBg=FFFFFF</largeImage><entityType>SECONDARY</entityType></imageEntities><imageEntities><thumbnailImage>https://i5.walmartimages.com/asr/63a6cac6-9222-456d-856b-69f0ccf7a4b2_1.1d59a46636f0f613ba4c6bfd18584adb.jpeg?odnHeight=100&amp;odnWidth=100&amp;odnBg=FFFFFF</thumbnailImage><mediumImage>https://i5.walmartimages.com/asr/63a6cac6-9222-456d-856b-69f0ccf7a4b2_1.1d59a46636f0f613ba4c6bfd18584adb.jpeg?odnHeight=180&amp;odnWidth=180&amp;odnBg=FFFFFF</mediumImage><largeImage>https://i5.walmartimages.com/asr/63a6cac6-9222-456d-856b-69f0ccf7a4b2_1.1d59a46636f0f613ba4c6bfd18584adb.jpeg?odnHeight=450&amp;odnWidth=450&amp;odnBg=FFFFFF</largeImage><entityType>SECONDARY</entityType></imageEntities><imageEntities><thumbnailImage>https://i5.walmartimages.com/asr/51f08933-413c-45f1-b069-e954227241c2_1.0299b537a79d5931c39749b71d8736a5.jpeg?odnHeight=100&amp;odnWidth=100&amp;odnBg=FFFFFF</thumbnailImage><mediumImage>https://i5.walmartimages.com/asr/51f08933-413c-45f1-b069-e954227241c2_1.0299b537a79d5931c39749b71d8736a5.jpeg?odnHeight=180&amp;odnWidth=180&amp;odnBg=FFFFFF</mediumImage><largeImage>https://i5.walmartimages.com/asr/51f08933-413c-45f1-b069-e954227241c2_1.0299b537a79d5931c39749b71d8736a5.jpeg?odnHeight=450&amp;odnWidth=450&amp;odnBg=FFFFFF</largeImage><entityType>SECONDARY</entityType></imageEntities><imageEntities><thumbnailImage>https://i5.walmartimages.com/asr/d29dd960-03f9-48ec-8401-5ab9c0f2e05c_1.0eb296c8cce6a845625eaa3db127cfa7.jpeg?odnHeight=100&amp;odnWidth=100&amp;odnBg=FFFFFF</thumbnailImage><mediumImage>https://i5.walmartimages.com/asr/d29dd960-03f9-48ec-8401-5ab9c0f2e05c_1.0eb296c8cce6a845625eaa3db127cfa7.jpeg?odnHeight=180&amp;odnWidth=180&amp;odnBg=FFFFFF</mediumImage><largeImage>https://i5.walmartimages.com/asr/d29dd960-03f9-48ec-8401-5ab9c0f2e05c_1.0eb296c8cce6a845625eaa3db127cfa7.jpeg?odnHeight=450&amp;odnWidth=450&amp;odnBg=FFFFFF</largeImage><entityType>PRIMARY</entityType></imageEntities></imageEntities><offerType>ONLINE_ONLY</offerType><isTwoDayShippingEligible>true</isTwoDayShippingEligible><availableOnline>true</availableOnline></item><item><itemId>42608121</itemId><parentItemId>42608121</parentItemId><name>Apple iPod touch 16GB</name><msrp>299.95</msrp><salePrice>199.0</salePrice><upc>888462350624</upc><categoryPath>Electronics/Portable Audio/Apple iPods/iPod Touch</categoryPath><shortDescription>&amp;lt;p&amp;gt;Whether you're an avid gamer looking for a more powerful way to play, a music devotee seeking a better portable music experience, or a hobbyist photographer with an adventurous streak, the Apple 16 GB iPod touch packs a host of awesome features into a sleek package. A stunningly crisp 4-inch Retina display, a powerful A8 chip and M8 motion coprocessor make for a beautifully detailed, highly responsive gaming experience. Connect to Wi-Fi to FaceTime with friends and family, download music and games, send messages to your friends or post to social media. Capture the fun of impromptu gatherings with the iPod's 8-megapixel iSight camera with exposure control and improved HDR and face detection. And of course, the iPod touch is a sleek way to keep your music with you, and access the iTunes Store to grab your next favorite album. Attractive and designed to go with you everywhere, the iPod touch is available in 5 stunning colors to suit anyone's taste.&amp;lt;/p&amp;gt;</shortDescription><longDescription>IPOD TOUCH 16GB SPACE GRY IOS10 .</longDescription><thumbnailImage>https://i5.walmartimages.com/asr/e8b292ba-04f1-454f-a629-e41bba6c79ab_1.acd37096b0d504f6a93251180266c834.jpeg?odnHeight=100&amp;odnWidth=100&amp;odnBg=FFFFFF</thumbnailImage><mediumImage>https://i5.walmartimages.com/asr/e8b292ba-04f1-454f-a629-e41bba6c79ab_1.acd37096b0d504f6a93251180266c834.jpeg?odnHeight=180&amp;odnWidth=180&amp;odnBg=FFFFFF</mediumImage><largeImage>https://i5.walmartimages.com/asr/e8b292ba-04f1-454f-a629-e41bba6c79ab_1.acd37096b0d504f6a93251180266c834.jpeg?odnHeight=450&amp;odnWidth=450&amp;odnBg=FFFFFF</largeImage><productTrackingUrl>http://linksynergy.walmart.com/fs-bin/click?id=|LSNID|&amp;offerid=223073.7200&amp;type=14&amp;catid=8&amp;subid=0&amp;hid=7200&amp;tmpid=1082&amp;RD_PARM1=https%253A%252F%252Fwww.walmart.com%252Fip%252FApple-iPod-touch-16GB%252F42608121%253Faffp1%253D3UIqxDLINFE2s96wIa1YSu3TakSRkgaPlu3dizTOwm0%2526affilsrc%253Dapi</productTrackingUrl><standardShipRate>0.0</standardShipRate><marketplace>true</marketplace><modelNumber>MKH62LL/A</modelNumber><sellerInfo>X Tech</sellerInfo><productUrl>http://c.affil.walmart.com/t/api02?l=https%3A%2F%2Fwww.walmart.com%2Fip%2FApple-iPod-touch-16GB%2F42608121%3Faffp1%3D3UIqxDLINFE2s96wIa1YSu3TakSRkgaPlu3dizTOwm0%26affilsrc%3Dapi%26veh%3Daff%26wmlspartner%3Dreadonlyapi</productUrl><customerRating>4.669</customerRating><numReviews>151</numReviews><customerRatingImage>http://i2.walmartimages.com/i/CustRating/4_7.gif</customerRatingImage><categoryNode>3944_96469_1231508</categoryNode><bundle>false</bundle><stock>Available</stock><addToCartUrl>http://c.affil.walmart.com/t/api02?l=http%3A%2F%2Faffil.walmart.com%2Fcart%2FaddToCart%3Fitems%3D42608121%7C1%26affp1%3D3UIqxDLINFE2s96wIa1YSu3TakSRkgaPlu3dizTOwm0%26affilsrc%3Dapi%26veh%3Daff%26wmlspartner%3Dreadonlyapi</addToCartUrl><affiliateAddToCartUrl>http://linksynergy.walmart.com/fs-bin/click?id=|LSNID|&amp;offerid=223073.7200&amp;type=14&amp;catid=8&amp;subid=0&amp;hid=7200&amp;tmpid=1082&amp;RD_PARM1=http%253A%252F%252Faffil.walmart.com%252Fcart%252FaddToCart%253Fitems%253D42608121%257C1%2526affp1%253D3UIqxDLINFE2s96wIa1YSu3TakSRkgaPlu3dizTOwm0%2526affilsrc%253Dapi</affiliateAddToCartUrl><freeShippingOver50Dollars>false</freeShippingOver50Dollars><imageEntities><imageEntities><thumbnailImage>https://i5.walmartimages.com/asr/bdb29314-3a3e-49a1-b694-34dff0461693_1.869b329817f9d9f35aadb656177cd8b2.jpeg?odnHeight=100&amp;odnWidth=100&amp;odnBg=FFFFFF</thumbnailImage><mediumImage>https://i5.walmartimages.com/asr/bdb29314-3a3e-49a1-b694-34dff0461693_1.869b329817f9d9f35aadb656177cd8b2.jpeg?odnHeight=180&amp;odnWidth=180&amp;odnBg=FFFFFF</mediumImage><largeImage>https://i5.walmartimages.com/asr/bdb29314-3a3e-49a1-b694-34dff0461693_1.869b329817f9d9f35aadb656177cd8b2.jpeg?odnHeight=450&amp;odnWidth=450&amp;odnBg=FFFFFF</largeImage><entityType>SECONDARY</entityType></imageEntities><imageEntities><thumbnailImage>https://i5.walmartimages.com/asr/e8b292ba-04f1-454f-a629-e41bba6c79ab_1.acd37096b0d504f6a93251180266c834.jpeg?odnHeight=100&amp;odnWidth=100&amp;odnBg=FFFFFF</thumbnailImage><mediumImage>https://i5.walmartimages.com/asr/e8b292ba-04f1-454f-a629-e41bba6c79ab_1.acd37096b0d504f6a93251180266c834.jpeg?odnHeight=180&amp;odnWidth=180&amp;odnBg=FFFFFF</mediumImage><largeImage>https://i5.walmartimages.com/asr/e8b292ba-04f1-454f-a629-e41bba6c79ab_1.acd37096b0d504f6a93251180266c834.jpeg?odnHeight=450&amp;odnWidth=450&amp;odnBg=FFFFFF</largeImage><entityType>PRIMARY</entityType></imageEntities></imageEntities><offerType>ONLINE_ONLY</offerType><availableOnline>true</availableOnline></item><item><itemId>54203936</itemId><parentItemId>54203936</parentItemId><name>Apple iPod Touch 6th Generation 32GB Refurbished</name><salePrice>165.22</salePrice><upc>190341989178</upc><categoryPath>Electronics/Portable Audio/Apple iPods/iPod Touch</categoryPath><shortDescription>&amp;quot;If life were more like the movies, we'd all have our personal soundtrack swelling slowly and dramatically as we make our way through the day. Sadly, most of us don't live in the movies, but that doesn't mean you can't keep your soundtrack close at hand, as long as you don't leave home without your iPod touch! You can take vivid, clear photos and videos with the new 8MP iSight camera, and stay in touch with your besties with the improved FaceTime HD camera, one of the best ways to experience video calls. Stay connected with Messages and the most popular social networking apps. A great device for gameheads, audiophiles, social media mavens and everyone in between. All on a 4-inch Retina display. &amp;quot;</shortDescription><longDescription>&amp;lt;ul class=&amp;quot;noindent&amp;quot;&amp;gt;&amp;lt;li&amp;gt;4-inch Retina display3&amp;lt;/li&amp;gt;&amp;lt;li&amp;gt;A8 with M8 motion coprocessor&amp;lt;/li&amp;gt;&amp;lt;li&amp;gt;Up to 40 hours audio playback4&amp;lt;/li&amp;gt;&amp;lt;li&amp;gt;802.11ac Wi-Fi &amp;amp; Bluetooth 4.1&amp;lt;/li&amp;gt;&amp;lt;li&amp;gt;1080p HD video recording&amp;lt;/li&amp;gt;&amp;lt;li&amp;gt;8MP iSight &amp;amp; FaceTime cameras&amp;lt;/li&amp;gt;&amp;lt;/ul&amp;gt;</longDescription><thumbnailImage>https://i5.walmartimages.com/asr/e93e052b-1d80-4f74-909a-84e6fcd70ba8_1.fa87a178f6e538a0d806393b35b7d31f.jpeg?odnHeight=100&amp;odnWidth=100&amp;odnBg=FFFFFF</thumbnailImage><mediumImage>https://i5.walmartimages.com/asr/e93e052b-1d80-4f74-909a-84e6fcd70ba8_1.fa87a178f6e538a0d806393b35b7d31f.jpeg?odnHeight=180&amp;odnWidth=180&amp;odnBg=FFFFFF</mediumImage><largeImage>https://i5.walmartimages.com/asr/e93e052b-1d80-4f74-909a-84e6fcd70ba8_1.fa87a178f6e538a0d806393b35b7d31f.jpeg?odnHeight=450&amp;odnWidth=450&amp;odnBg=FFFFFF</largeImage><productTrackingUrl>http://linksynergy.walmart.com/fs-bin/click?id=|LSNID|&amp;offerid=223073.7200&amp;type=14&amp;catid=8&amp;subid=0&amp;hid=7200&amp;tmpid=1082&amp;RD_PARM1=https%253A%252F%252Fwww.walmart.com%252Fip%252FApple-iPod-Touch-6th-Generation-32GB-Refurbished%252F54203936%253Faffp1%253D3UIqxDLINFE2s96wIa1YSu3TakSRkgaPlu3dizTOwm0%2526affilsrc%253Dapi</productTrackingUrl><standardShipRate>0.0</standardShipRate><marketplace>false</marketplace><modelNumber>MKJ02LL/A</modelNumber><productUrl>http://c.affil.walmart.com/t/api02?l=https%3A%2F%2Fwww.walmart.com%2Fip%2FApple-iPod-Touch-6th-Generation-32GB-Refurbished%2F54203936%3Faffp1%3D3UIqxDLINFE2s96wIa1YSu3TakSRkgaPlu3dizTOwm0%26affilsrc%3Dapi%26veh%3Daff%26wmlspartner%3Dreadonlyapi</productUrl><customerRating>5.0</customerRating><numReviews>2</numReviews><customerRatingImage>http://i2.walmartimages.com/i/CustRating/5.gif</customerRatingImage><categoryNode>3944_96469_1231508</categoryNode><bundle>false</bundle><stock>Not available</stock><addToCartUrl>http://c.affil.walmart.com/t/api02?l=http%3A%2F%2Faffil.walmart.com%2Fcart%2FaddToCart%3Fitems%3D54203936%7C1%26affp1%3D3UIqxDLINFE2s96wIa1YSu3TakSRkgaPlu3dizTOwm0%26affilsrc%3Dapi%26veh%3Daff%26wmlspartner%3Dreadonlyapi</addToCartUrl><affiliateAddToCartUrl>http://linksynergy.walmart.com/fs-bin/click?id=|LSNID|&amp;offerid=223073.7200&amp;type=14&amp;catid=8&amp;subid=0&amp;hid=7200&amp;tmpid=1082&amp;RD_PARM1=http%253A%252F%252Faffil.walmart.com%252Fcart%252FaddToCart%253Fitems%253D54203936%257C1%2526affp1%253D3UIqxDLINFE2s96wIa1YSu3TakSRkgaPlu3dizTOwm0%2526affilsrc%253Dapi</affiliateAddToCartUrl><giftOptions><allowGiftWrap>false</allowGiftWrap><allowGiftMessage>false</allowGiftMessage><allowGiftReceipt>false</allowGiftReceipt></giftOptions><imageEntities><imageEntities><thumbnailImage>https://i5.walmartimages.com/asr/164d724e-4481-4e24-a9f5-77d000f9ac69_1.d9a213b80a50b71ffcda24f12a89a29d.jpeg?odnHeight=100&amp;odnWidth=100&amp;odnBg=FFFFFF</thumbnailImage><mediumImage>https://i5.walmartimages.com/asr/164d724e-4481-4e24-a9f5-77d000f9ac69_1.d9a213b80a50b71ffcda24f12a89a29d.jpeg?odnHeight=180&amp;odnWidth=180&amp;odnBg=FFFFFF</mediumImage><largeImage>https://i5.walmartimages.com/asr/164d724e-4481-4e24-a9f5-77d000f9ac69_1.d9a213b80a50b71ffcda24f12a89a29d.jpeg?odnHeight=450&amp;odnWidth=450&amp;odnBg=FFFFFF</largeImage><entityType>SECONDARY</entityType></imageEntities><imageEntities><thumbnailImage>https://i5.walmartimages.com/asr/5537d819-5634-4f04-8c71-9e5cf6a54e35_1.d9a213b80a50b71ffcda24f12a89a29d.jpeg?odnHeight=100&amp;odnWidth=100&amp;odnBg=FFFFFF</thumbnailImage><mediumImage>https://i5.walmartimages.com/asr/5537d819-5634-4f04-8c71-9e5cf6a54e35_1.d9a213b80a50b71ffcda24f12a89a29d.jpeg?odnHeight=180&amp;odnWidth=180&amp;odnBg=FFFFFF</mediumImage><largeImage>https://i5.walmartimages.com/asr/5537d819-5634-4f04-8c71-9e5cf6a54e35_1.d9a213b80a50b71ffcda24f12a89a29d.jpeg?odnHeight=450&amp;odnWidth=450&amp;odnBg=FFFFFF</largeImage><entityType>SECONDARY</entityType></imageEntities><imageEntities><thumbnailImage>https://i5.walmartimages.com/asr/9fa924b6-a705-4b82-99cf-681af56fc686_1.d9a213b80a50b71ffcda24f12a89a29d.jpeg?odnHeight=100&amp;odnWidth=100&amp;odnBg=FFFFFF</thumbnailImage><mediumImage>https://i5.walmartimages.com/asr/9fa924b6-a705-4b82-99cf-681af56fc686_1.d9a213b80a50b71ffcda24f12a89a29d.jpeg?odnHeight=180&amp;odnWidth=180&amp;odnBg=FFFFFF</mediumImage><largeImage>https://i5.walmartimages.com/asr/9fa924b6-a705-4b82-99cf-681af56fc686_1.d9a213b80a50b71ffcda24f12a89a29d.jpeg?odnHeight=450&amp;odnWidth=450&amp;odnBg=FFFFFF</largeImage><entityType>SECONDARY</entityType></imageEntities><imageEntities><thumbnailImage>https://i5.walmartimages.com/asr/2e763c3f-6cd4-47ae-be20-b44e8fe7941d_1.d9a213b80a50b71ffcda24f12a89a29d.jpeg?odnHeight=100&amp;odnWidth=100&amp;odnBg=FFFFFF</thumbnailImage><mediumImage>https://i5.walmartimages.com/asr/2e763c3f-6cd4-47ae-be20-b44e8fe7941d_1.d9a213b80a50b71ffcda24f12a89a29d.jpeg?odnHeight=180&amp;odnWidth=180&amp;odnBg=FFFFFF</mediumImage><largeImage>https://i5.walmartimages.com/asr/2e763c3f-6cd4-47ae-be20-b44e8fe7941d_1.d9a213b80a50b71ffcda24f12a89a29d.jpeg?odnHeight=450&amp;odnWidth=450&amp;odnBg=FFFFFF</largeImage><entityType>SECONDARY</entityType></imageEntities><imageEntities><thumbnailImage>https://i5.walmartimages.com/asr/e93e052b-1d80-4f74-909a-84e6fcd70ba8_1.fa87a178f6e538a0d806393b35b7d31f.jpeg?odnHeight=100&amp;odnWidth=100&amp;odnBg=FFFFFF</thumbnailImage><mediumImage>https://i5.walmartimages.com/asr/e93e052b-1d80-4f74-909a-84e6fcd70ba8_1.fa87a178f6e538a0d806393b35b7d31f.jpeg?odnHeight=180&amp;odnWidth=180&amp;odnBg=FFFFFF</mediumImage><largeImage>https://i5.walmartimages.com/asr/e93e052b-1d80-4f74-909a-84e6fcd70ba8_1.fa87a178f6e538a0d806393b35b7d31f.jpeg?odnHeight=450&amp;odnWidth=450&amp;odnBg=FFFFFF</largeImage><entityType>PRIMARY</entityType></imageEntities></imageEntities><offerType>ONLINE_ONLY</offerType><isTwoDayShippingEligible>false</isTwoDayShippingEligible><availableOnline>false</availableOnline></item><item><itemId>44867308</itemId><parentItemId>44867308</parentItemId><name>Refurbished Apple iPod Touch 32GB, 5th Generation, Blue</name><salePrice>179.0</salePrice><upc>818970019041</upc><categoryPath>Electronics/Portable Audio/Apple iPods/iPod Touch</categoryPath><shortDescription>With an ultrathin design, a 4-inch Retina display, a 5-megapixel iSight camera on the 32GB models, iTunes and the App Store, Siri, iMessage, FaceTime, Game Center and more; it's the most fun iPod touch ever. iPod touch features a 6-millimeter ultrathin design and a brilliant 4-inch Retina display. The 5-megapixel iSight camera on the 32GB models lets you take stunning photos, even in panorama or record 1080p video. Discover music, movies and more from the iTunes Store or browse apps and games from the App Store. And with iOS 6, the world's most advanced mobile operating system; you get Siri, iMessage, Facebook integration, FaceTime, Game Center and more.</shortDescription><longDescription>&amp;lt;br&amp;gt;&amp;lt;b&amp;gt;Refurbished Apple iPod Touch 32GB, 5th Generation:&amp;lt;/b&amp;gt;&amp;lt;br&amp;gt;&amp;lt;ul class=&amp;quot;noindent&amp;quot;&amp;gt;&amp;lt;li&amp;gt;Key Features:&amp;lt;/li&amp;gt;&amp;lt;/ul&amp;gt;&amp;lt;ul&amp;gt;&amp;lt;li&amp;gt;Ultrathin design available in five gorgeous colors&amp;lt;/li&amp;gt;&amp;lt;li&amp;gt;4-inch Retina display&amp;lt;/li&amp;gt;&amp;lt;li&amp;gt;Apple A5 chip&amp;lt;/li&amp;gt;&amp;lt;li&amp;gt;5-megapixel iSight camera with 1080p HD video recording&amp;lt;/li&amp;gt;&amp;lt;li&amp;gt;FaceTime HD camera with 1.2-megapixel photos and 720p HD video recording&amp;lt;/li&amp;gt;&amp;lt;li&amp;gt;iOS 6 with features like Siri, Passbook and Facebook integration&amp;lt;/li&amp;gt;&amp;lt;li&amp;gt;iTunes Store with millions of songs and thousands of movies and TV shows&amp;lt;/li&amp;gt;&amp;lt;li&amp;gt;App Store with more than 900,000 apps, including over 100,000 games&amp;lt;/li&amp;gt;&amp;lt;li&amp;gt;Game Center with millions of gamers&amp;lt;/li&amp;gt;&amp;lt;li&amp;gt;Free text messaging over Wi-Fi with iMessage&amp;lt;/li&amp;gt;&amp;lt;li&amp;gt;Rich HTML email and Safari web browser&amp;lt;/li&amp;gt;&amp;lt;li&amp;gt;AirPlay and AirPlay Mirroring&amp;lt;/li&amp;gt;&amp;lt;li&amp;gt;40 hours of music playback, 8 hours of video playback&amp;lt;/li&amp;gt;&amp;lt;li&amp;gt;iPod touch loop included&amp;lt;/li&amp;gt;&amp;lt;li&amp;gt;Apple EarPods&amp;lt;/li&amp;gt;&amp;lt;li&amp;gt;32GB and 64GB capacities&amp;lt;/li&amp;gt;&amp;lt;/ul&amp;gt;</longDescription><thumbnailImage>https://i5.walmartimages.com/asr/aa1776d1-363b-4941-99da-087e97d94c9a_1.73dabae55f47fe7e5f89be1ca42c4ee2.jpeg?odnHeight=100&amp;odnWidth=100&amp;odnBg=FFFFFF</thumbnailImage><mediumImage>https://i5.walmartimages.com/asr/aa1776d1-363b-4941-99da-087e97d94c9a_1.73dabae55f47fe7e5f89be1ca42c4ee2.jpeg?odnHeight=180&amp;odnWidth=180&amp;odnBg=FFFFFF</mediumImage><largeImage>https://i5.walmartimages.com/asr/aa1776d1-363b-4941-99da-087e97d94c9a_1.73dabae55f47fe7e5f89be1ca42c4ee2.jpeg?odnHeight=450&amp;odnWidth=450&amp;odnBg=FFFFFF</largeImage><productTrackingUrl>http://linksynergy.walmart.com/fs-bin/click?id=|LSNID|&amp;offerid=223073.7200&amp;type=14&amp;catid=8&amp;subid=0&amp;hid=7200&amp;tmpid=1082&amp;RD_PARM1=https%253A%252F%252Fwww.walmart.com%252Fip%252FRefurbished-Apple-iPod-Touch-32GB-5th-Generation-Blue%252F44867308%253Faffp1%253D3UIqxDLINFE2s96wIa1YSu3TakSRkgaPlu3dizTOwm0%2526affilsrc%253Dapi</productTrackingUrl><standardShipRate>0.0</standardShipRate><marketplace>false</marketplace><modelNumber>RBME107LL/A</modelNumber><productUrl>http://c.affil.walmart.com/t/api02?l=https%3A%2F%2Fwww.walmart.com%2Fip%2FRefurbished-Apple-iPod-Touch-32GB-5th-Generation-Blue%2F44867308%3Faffp1%3D3UIqxDLINFE2s96wIa1YSu3TakSRkgaPlu3dizTOwm0%26affilsrc%3Dapi%26veh%3Daff%26wmlspartner%3Dreadonlyapi</productUrl><customerRating>3.167</customerRating><numReviews>6</numReviews><customerRatingImage>http://i2.walmartimages.com/i/CustRating/3_2.gif</customerRatingImage><categoryNode>3944_96469_1231508</categoryNode><bundle>false</bundle><stock>Available</stock><addToCartUrl>http://c.affil.walmart.com/t/api02?l=http%3A%2F%2Faffil.walmart.com%2Fcart%2FaddToCart%3Fitems%3D44867308%7C1%26affp1%3D3UIqxDLINFE2s96wIa1YSu3TakSRkgaPlu3dizTOwm0%26affilsrc%3Dapi%26veh%3Daff%26wmlspartner%3Dreadonlyapi</addToCartUrl><affiliateAddToCartUrl>http://linksynergy.walmart.com/fs-bin/click?id=|LSNID|&amp;offerid=223073.7200&amp;type=14&amp;catid=8&amp;subid=0&amp;hid=7200&amp;tmpid=1082&amp;RD_PARM1=http%253A%252F%252Faffil.walmart.com%252Fcart%252FaddToCart%253Fitems%253D44867308%257C1%2526affp1%253D3UIqxDLINFE2s96wIa1YSu3TakSRkgaPlu3dizTOwm0%2526affilsrc%253Dapi</affiliateAddToCartUrl><giftOptions><allowGiftWrap>false</allowGiftWrap><allowGiftMessage>false</allowGiftMessage><allowGiftReceipt>false</allowGiftReceipt></giftOptions><imageEntities><imageEntities><thumbnailImage>https://i5.walmartimages.com/asr/2fb3591f-61f2-4e9c-870d-cf6b10a68e8a_1.9fc96d0c0d81442ec8badc9e5b1ed12a.jpeg?odnHeight=100&amp;odnWidth=100&amp;odnBg=FFFFFF</thumbnailImage><mediumImage>https://i5.walmartimages.com/asr/2fb3591f-61f2-4e9c-870d-cf6b10a68e8a_1.9fc96d0c0d81442ec8badc9e5b1ed12a.jpeg?odnHeight=180&amp;odnWidth=180&amp;odnBg=FFFFFF</mediumImage><largeImage>https://i5.walmartimages.com/asr/2fb3591f-61f2-4e9c-870d-cf6b10a68e8a_1.9fc96d0c0d81442ec8badc9e5b1ed12a.jpeg?odnHeight=450&amp;odnWidth=450&amp;odnBg=FFFFFF</largeImage><entityType>SECONDARY</entityType></imageEntities><imageEntities><thumbnailImage>https://i5.walmartimages.com/asr/80e50864-67a1-40ac-bdcf-6d8e302f6a25_1.67de88f960bb3033c96f81dac0c96aeb.jpeg?odnHeight=100&amp;odnWidth=100&amp;odnBg=FFFFFF</thumbnailImage><mediumImage>https://i5.walmartimages.com/asr/80e50864-67a1-40ac-bdcf-6d8e302f6a25_1.67de88f960bb3033c96f81dac0c96aeb.jpeg?odnHeight=180&amp;odnWidth=180&amp;odnBg=FFFFFF</mediumImage><largeImage>https://i5.walmartimages.com/asr/80e50864-67a1-40ac-bdcf-6d8e302f6a25_1.67de88f960bb3033c96f81dac0c96aeb.jpeg?odnHeight=450&amp;odnWidth=450&amp;odnBg=FFFFFF</largeImage><entityType>SECONDARY</entityType></imageEntities><imageEntities><thumbnailImage>https://i5.walmartimages.com/asr/f19155a4-eaa5-4d65-85e1-497fef5bffc4_1.67de88f960bb3033c96f81dac0c96aeb.jpeg?odnHeight=100&amp;odnWidth=100&amp;odnBg=FFFFFF</thumbnailImage><mediumImage>https://i5.walmartimages.com/asr/f19155a4-eaa5-4d65-85e1-497fef5bffc4_1.67de88f960bb3033c96f81dac0c96aeb.jpeg?odnHeight=180&amp;odnWidth=180&amp;odnBg=FFFFFF</mediumImage><largeImage>https://i5.walmartimages.com/asr/f19155a4-eaa5-4d65-85e1-497fef5bffc4_1.67de88f960bb3033c96f81dac0c96aeb.jpeg?odnHeight=450&amp;odnWidth=450&amp;odnBg=FFFFFF</largeImage><entityType>SECONDARY</entityType></imageEntities><imageEntities><thumbnailImage>https://i5.walmartimages.com/asr/4a2686d5-6593-43fd-a0e7-2c181cc143bf_1.67de88f960bb3033c96f81dac0c96aeb.jpeg?odnHeight=100&amp;odnWidth=100&amp;odnBg=FFFFFF</thumbnailImage><mediumImage>https://i5.walmartimages.com/asr/4a2686d5-6593-43fd-a0e7-2c181cc143bf_1.67de88f960bb3033c96f81dac0c96aeb.jpeg?odnHeight=180&amp;odnWidth=180&amp;odnBg=FFFFFF</mediumImage><largeImage>https://i5.walmartimages.com/asr/4a2686d5-6593-43fd-a0e7-2c181cc143bf_1.67de88f960bb3033c96f81dac0c96aeb.jpeg?odnHeight=450&amp;odnWidth=450&amp;odnBg=FFFFFF</largeImage><entityType>SECONDARY</entityType></imageEntities><imageEntities><thumbnailImage>https://i5.walmartimages.com/asr/fca08a00-19de-46fd-83e1-115b12f4439c_1.67de88f960bb3033c96f81dac0c96aeb.jpeg?odnHeight=100&amp;odnWidth=100&amp;odnBg=FFFFFF</thumbnailImage><mediumImage>https://i5.walmartimages.com/asr/fca08a00-19de-46fd-83e1-115b12f4439c_1.67de88f960bb3033c96f81dac0c96aeb.jpeg?odnHeight=180&amp;odnWidth=180&amp;odnBg=FFFFFF</mediumImage><largeImage>https://i5.walmartimages.com/asr/fca08a00-19de-46fd-83e1-115b12f4439c_1.67de88f960bb3033c96f81dac0c96aeb.jpeg?odnHeight=450&amp;odnWidth=450&amp;odnBg=FFFFFF</largeImage><entityType>SECONDARY</entityType></imageEntities><imageEntities><thumbnailImage>https://i5.walmartimages.com/asr/aa1776d1-363b-4941-99da-087e97d94c9a_1.73dabae55f47fe7e5f89be1ca42c4ee2.jpeg?odnHeight=100&amp;odnWidth=100&amp;odnBg=FFFFFF</thumbnailImage><mediumImage>https://i5.walmartimages.com/asr/aa1776d1-363b-4941-99da-087e97d94c9a_1.73dabae55f47fe7e5f89be1ca42c4ee2.jpeg?odnHeight=180&amp;odnWidth=180&amp;odnBg=FFFFFF</mediumImage><largeImage>https://i5.walmartimages.com/asr/aa1776d1-363b-4941-99da-087e97d94c9a_1.73dabae55f47fe7e5f89be1ca42c4ee2.jpeg?odnHeight=450&amp;odnWidth=450&amp;odnBg=FFFFFF</largeImage><entityType>PRIMARY</entityType></imageEntities></imageEntities><offerType>ONLINE_ONLY</offerType><isTwoDayShippingEligible>true</isTwoDayShippingEligible><availableOnline>true</availableOnline></item><item><itemId>144781929</itemId><parentItemId>144781929</parentItemId><name>Refurbished B-Grade Apple iPod Touch 32GB 5th Generation Blue FD717LL/A</name><salePrice>179.0</salePrice><upc>641022242285</upc><categoryPath>Electronics/Portable Audio/Apple iPods/iPod Touch</categoryPath><shortDescription>The 32GB iPod touch (Blue) (5th Generation) from Apple has now reached its 5th generation, offering an incredible iPod touch as a music player, video camera, pocket computer and portable gaming device all in a single sleek anodized aluminum finish with exceptional battery life. The iPod touch offers a powerful A5 processor. The iPod touch also features the stunning Retina display with a Multi-Touch interface found on the iPhone 5.</shortDescription><longDescription>&amp;lt;div&amp;gt;&amp;lt;ul&amp;gt;&amp;lt;li&amp;gt;Apple A5 Sytem Chip w/ Dual-Core, 1000 MHz, ARM Cortex-A9 Processor&amp;lt;br&amp;gt;&amp;lt;/li&amp;gt;&amp;lt;li&amp;gt;System Memory: .5GB RAM and 64GB of Built-in Storage; 1030 mAh Battery&amp;lt;br&amp;gt;&amp;lt;/li&amp;gt;&amp;lt;li&amp;gt;5 MegaPixel LED Camera with autofocus, BSI; Digital Image Stabilization, Touch to focus, Face Detection, Geo tagging.&amp;lt;br&amp;gt;&amp;lt;/li&amp;gt;&amp;lt;li&amp;gt;Brilliant 4&amp;quot; Retina display with Multi-Touch IPS technology (640x1136 pixel)&amp;lt;br&amp;gt;&amp;lt;/li&amp;gt;&amp;lt;/ul&amp;gt;&amp;lt;/div&amp;gt;</longDescription><thumbnailImage>https://i5.walmartimages.com/asr/785e6674-c08e-4441-b8e0-14546583b1ef_1.1d13586af014666fdced532739b8143b.jpeg?odnHeight=100&amp;odnWidth=100&amp;odnBg=FFFFFF</thumbnailImage><mediumImage>https://i5.walmartimages.com/asr/785e6674-c08e-4441-b8e0-14546583b1ef_1.1d13586af014666fdced532739b8143b.jpeg?odnHeight=180&amp;odnWidth=180&amp;odnBg=FFFFFF</mediumImage><largeImage>https://i5.walmartimages.com/asr/785e6674-c08e-4441-b8e0-14546583b1ef_1.1d13586af014666fdced532739b8143b.jpeg?odnHeight=450&amp;odnWidth=450&amp;odnBg=FFFFFF</largeImage><productTrackingUrl>http://linksynergy.walmart.com/fs-bin/click?id=|LSNID|&amp;offerid=223073.7200&amp;type=14&amp;catid=8&amp;subid=0&amp;hid=7200&amp;tmpid=1082&amp;RD_PARM1=https%253A%252F%252Fwww.walmart.com%252Fip%252FRefurbished-B-Grade-Apple-iPod-Touch-32GB-5th-Generation-Blue-FD717LL-A%252F144781929%253Faffp1%253D3UIqxDLINFE2s96wIa1YSu3TakSRkgaPlu3dizTOwm0%2526affilsrc%253Dapi</productTrackingUrl><standardShipRate>0.0</standardShipRate><marketplace>true</marketplace><modelNumber>MD717LL/A-RB</modelNumber><sellerInfo>TechZone</sellerInfo><productUrl>http://c.affil.walmart.com/t/api02?l=https%3A%2F%2Fwww.walmart.com%2Fip%2FRefurbished-B-Grade-Apple-iPod-Touch-32GB-5th-Generation-Blue-FD717LL-A%2F144781929%3Faffp1%3D3UIqxDLINFE2s96wIa1YSu3TakSRkgaPlu3dizTOwm0%26affilsrc%3Dapi%26veh%3Daff%26wmlspartner%3Dreadonlyapi</productUrl><categoryNode>3944_96469_1231508</categoryNode><bundle>false</bundle><stock>Available</stock><addToCartUrl>http://c.affil.walmart.com/t/api02?l=http%3A%2F%2Faffil.walmart.com%2Fcart%2FaddToCart%3Fitems%3D144781929%7C1%26affp1%3D3UIqxDLINFE2s96wIa1YSu3TakSRkgaPlu3dizTOwm0%26affilsrc%3Dapi%26veh%3Daff%26wmlspartner%3Dreadonlyapi</addToCartUrl><affiliateAddToCartUrl>http://linksynergy.walmart.com/fs-bin/click?id=|LSNID|&amp;offerid=223073.7200&amp;type=14&amp;catid=8&amp;subid=0&amp;hid=7200&amp;tmpid=1082&amp;RD_PARM1=http%253A%252F%252Faffil.walmart.com%252Fcart%252FaddToCart%253Fitems%253D144781929%257C1%2526affp1%253D3UIqxDLINFE2s96wIa1YSu3TakSRkgaPlu3dizTOwm0%2526affilsrc%253Dapi</affiliateAddToCartUrl><freeShippingOver50Dollars>false</freeShippingOver50Dollars><imageEntities><imageEntities><thumbnailImage>https://i5.walmartimages.com/asr/60a29976-cc4d-43f9-9d8b-16faec98cf9e_1.eb8456f2c8a6e22e61728b2c755497f5.jpeg?odnHeight=100&amp;odnWidth=100&amp;odnBg=FFFFFF</thumbnailImage><mediumImage>https://i5.walmartimages.com/asr/60a29976-cc4d-43f9-9d8b-16faec98cf9e_1.eb8456f2c8a6e22e61728b2c755497f5.jpeg?odnHeight=180&amp;odnWidth=180&amp;odnBg=FFFFFF</mediumImage><largeImage>https://i5.walmartimages.com/asr/60a29976-cc4d-43f9-9d8b-16faec98cf9e_1.eb8456f2c8a6e22e61728b2c755497f5.jpeg?odnHeight=450&amp;odnWidth=450&amp;odnBg=FFFFFF</largeImage><entityType>SECONDARY</entityType></imageEntities><imageEntities><thumbnailImage>https://i5.walmartimages.com/asr/785e6674-c08e-4441-b8e0-14546583b1ef_1.1d13586af014666fdced532739b8143b.jpeg?odnHeight=100&amp;odnWidth=100&amp;odnBg=FFFFFF</thumbnailImage><mediumImage>https://i5.walmartimages.com/asr/785e6674-c08e-4441-b8e0-14546583b1ef_1.1d13586af014666fdced532739b8143b.jpeg?odnHeight=180&amp;odnWidth=180&amp;odnBg=FFFFFF</mediumImage><largeImage>https://i5.walmartimages.com/asr/785e6674-c08e-4441-b8e0-14546583b1ef_1.1d13586af014666fdced532739b8143b.jpeg?odnHeight=450&amp;odnWidth=450&amp;odnBg=FFFFFF</largeImage><entityType>PRIMARY</entityType></imageEntities></imageEntities><offerType>ONLINE_ONLY</offerType><availableOnline>true</availableOnline></item><item><itemId>49650094</itemId><parentItemId>49650094</parentItemId><name>Refurbished Apple iPod Touch 16GB, Blue</name><salePrice>125.27</salePrice><upc>813516025371</upc><categoryPath>Electronics/Portable Audio/Apple iPods/iPod Touch</categoryPath><shortDescription>iPod touch is the perfect way to carry your music collection in your pocket. Now in 5 stunning colors. Listen to your favorite songs from Apple Music1 and iTunes. iPod touch offers the ultimate mobile gaming experience. Take great photos and videos with the new 8MP iSight camera and make video calls with the improved FaceTime HD camera.2 And stay connected with Messages and the most popular social networking apps. All on a 4-inch Retina display.3</shortDescription><longDescription>&amp;quot; Key Features 4-inch Retina display3 A8 with M8 motion coprocessor 8MP iSight &amp;amp; FaceTime cameras 1080p HD video recording 802.11ac Wi-Fi &amp;amp; Bluetooth 4.1 Up to 40 hours audio playback4 Legal iPod models are not available in all colors at all resellers. 1 Membership required. Requires initial sign-up. At the end of the trial period, the membership will automatically renew and payment method will be charged on a monthly basis until autorenewal is turned off in account settings. 2 FaceTime calling requires a FaceTime-enabled device with a Wi-Fi connection. 3 Display size is measured diagonally. 4 Rechargeable batteries have a limited number of charge cycles and may eventually need to be replaced. Battery life and number of charge cycles vary by use and settings. See www.apple.com/batteries for more information. TM and &amp;copy; 2015 Apple Inc. All rights reserved. &amp;quot;</longDescription><thumbnailImage>https://i5.walmartimages.com/asr/4c2cc1a0-ff5b-44ed-a1cd-0996ede4f5c6_1.7b481fe6d7569035515951498f446893.jpeg?odnHeight=100&amp;odnWidth=100&amp;odnBg=FFFFFF</thumbnailImage><mediumImage>https://i5.walmartimages.com/asr/4c2cc1a0-ff5b-44ed-a1cd-0996ede4f5c6_1.7b481fe6d7569035515951498f446893.jpeg?odnHeight=180&amp;odnWidth=180&amp;odnBg=FFFFFF</mediumImage><largeImage>https://i5.walmartimages.com/asr/4c2cc1a0-ff5b-44ed-a1cd-0996ede4f5c6_1.7b481fe6d7569035515951498f446893.jpeg?odnHeight=450&amp;odnWidth=450&amp;odnBg=FFFFFF</largeImage><productTrackingUrl>http://linksynergy.walmart.com/fs-bin/click?id=|LSNID|&amp;offerid=223073.7200&amp;type=14&amp;catid=8&amp;subid=0&amp;hid=7200&amp;tmpid=1082&amp;RD_PARM1=https%253A%252F%252Fwww.walmart.com%252Fip%252FRefurbished-Apple-iPod-Touch-16GB-Blue%252F49650094%253Faffp1%253D3UIqxDLINFE2s96wIa1YSu3TakSRkgaPlu3dizTOwm0%2526affilsrc%253Dapi</productTrackingUrl><standardShipRate>0.0</standardShipRate><marketplace>false</marketplace><modelNumber>RBMKH22LL/A</modelNumber><productUrl>http://c.affil.walmart.com/t/api02?l=https%3A%2F%2Fwww.walmart.com%2Fip%2FRefurbished-Apple-iPod-Touch-16GB-Blue%2F49650094%3Faffp1%3D3UIqxDLINFE2s96wIa1YSu3TakSRkgaPlu3dizTOwm0%26affilsrc%3Dapi%26veh%3Daff%26wmlspartner%3Dreadonlyapi</productUrl><customerRating>4.235</customerRating><numReviews>34</numReviews><customerRatingImage>http://i2.walmartimages.com/i/CustRating/4_2.gif</customerRatingImage><categoryNode>3944_96469_1231508</categoryNode><bundle>false</bundle><stock>Available</stock><addToCartUrl>http://c.affil.walmart.com/t/api02?l=http%3A%2F%2Faffil.walmart.com%2Fcart%2FaddToCart%3Fitems%3D49650094%7C1%26affp1%3D3UIqxDLINFE2s96wIa1YSu3TakSRkgaPlu3dizTOwm0%26affilsrc%3Dapi%26veh%3Daff%26wmlspartner%3Dreadonlyapi</addToCartUrl><affiliateAddToCartUrl>http://linksynergy.walmart.com/fs-bin/click?id=|LSNID|&amp;offerid=223073.7200&amp;type=14&amp;catid=8&amp;subid=0&amp;hid=7200&amp;tmpid=1082&amp;RD_PARM1=http%253A%252F%252Faffil.walmart.com%252Fcart%252FaddToCart%253Fitems%253D49650094%257C1%2526affp1%253D3UIqxDLINFE2s96wIa1YSu3TakSRkgaPlu3dizTOwm0%2526affilsrc%253Dapi</affiliateAddToCartUrl><giftOptions><allowGiftWrap>false</allowGiftWrap><allowGiftMessage>false</allowGiftMessage><allowGiftReceipt>false</allowGiftReceipt></giftOptions><imageEntities><imageEntities><thumbnailImage>https://i5.walmartimages.com/asr/f6c91dc6-cdb9-44df-964e-67d9a06bd00a_1.996155766e4bc992a8ee4a990b4e0772.jpeg?odnHeight=100&amp;odnWidth=100&amp;odnBg=FFFFFF</thumbnailImage><mediumImage>https://i5.walmartimages.com/asr/f6c91dc6-cdb9-44df-964e-67d9a06bd00a_1.996155766e4bc992a8ee4a990b4e0772.jpeg?odnHeight=180&amp;odnWidth=180&amp;odnBg=FFFFFF</mediumImage><largeImage>https://i5.walmartimages.com/asr/f6c91dc6-cdb9-44df-964e-67d9a06bd00a_1.996155766e4bc992a8ee4a990b4e0772.jpeg?odnHeight=450&amp;odnWidth=450&amp;odnBg=FFFFFF</largeImage><entityType>SECONDARY</entityType></imageEntities><imageEntities><thumbnailImage>https://i5.walmartimages.com/asr/4c2cc1a0-ff5b-44ed-a1cd-0996ede4f5c6_1.7b481fe6d7569035515951498f446893.jpeg?odnHeight=100&amp;odnWidth=100&amp;odnBg=FFFFFF</thumbnailImage><mediumImage>https://i5.walmartimages.com/asr/4c2cc1a0-ff5b-44ed-a1cd-0996ede4f5c6_1.7b481fe6d7569035515951498f446893.jpeg?odnHeight=180&amp;odnWidth=180&amp;odnBg=FFFFFF</mediumImage><largeImage>https://i5.walmartimages.com/asr/4c2cc1a0-ff5b-44ed-a1cd-0996ede4f5c6_1.7b481fe6d7569035515951498f446893.jpeg?odnHeight=450&amp;odnWidth=450&amp;odnBg=FFFFFF</largeImage><entityType>PRIMARY</entityType></imageEntities></imageEntities><offerType>ONLINE_ONLY</offerType><isTwoDayShippingEligible>true</isTwoDayShippingEligible><availableOnline>true</availableOnline></item><item><itemId>158273765</itemId><parentItemId>158273765</parentItemId><name>Apple iPod Touch 5th Generation 32GB Black and Slate-Used, Good Condition!</name><salePrice>159.99</salePrice><upc>705911619906</upc><categoryPath>Electronics/Portable Audio/Apple iPods/iPod Touch</categoryPath><shortDescription>Apple iPod Touch 5th Generation 32GB Black and Slate-Used, Good Condition!</shortDescription><longDescription>The Apple iPod touch 5th Generation is a digital media player that allows its users to store up to 8000 songs on the 32 GB built-in memory module and features 4 inch display, offering accessability and convenience of usage. Furthermore, this media device offers a battery life up to 40 hours, allowing you to seamlessly enjoy your favorite tracks throughout the day. In addition, the model is available with dimensions of 5.86 cm width, 12.34 cm height, 0.60 cm depth and 86.18 gram weight, being light and portable, convenient to be carried around.</longDescription><thumbnailImage>https://i5.walmartimages.com/asr/f32703ab-d1ff-40df-bd3e-43cfa3e90464_1.ab1a12ef0f403723695d62e0a0fe5802.jpeg?odnHeight=100&amp;odnWidth=100&amp;odnBg=FFFFFF</thumbnailImage><mediumImage>https://i5.walmartimages.com/asr/f32703ab-d1ff-40df-bd3e-43cfa3e90464_1.ab1a12ef0f403723695d62e0a0fe5802.jpeg?odnHeight=180&amp;odnWidth=180&amp;odnBg=FFFFFF</mediumImage><largeImage>https://i5.walmartimages.com/asr/f32703ab-d1ff-40df-bd3e-43cfa3e90464_1.ab1a12ef0f403723695d62e0a0fe5802.jpeg?odnHeight=450&amp;odnWidth=450&amp;odnBg=FFFFFF</largeImage><productTrackingUrl>http://linksynergy.walmart.com/fs-bin/click?id=|LSNID|&amp;offerid=223073.7200&amp;type=14&amp;catid=8&amp;subid=0&amp;hid=7200&amp;tmpid=1082&amp;RD_PARM1=https%253A%252F%252Fwww.walmart.com%252Fip%252FApple-iPod-Touch-5th-Generation-32GB-Black-and-Slate-Used-Good-Condition%252F158273765%253Faffp1%253D3UIqxDLINFE2s96wIa1YSu3TakSRkgaPlu3dizTOwm0%2526affilsrc%253Dapi</productTrackingUrl><standardShipRate>0.0</standardShipRate><marketplace>true</marketplace><modelNumber>MD723LLA_USED</modelNumber><sellerInfo>The iSuperStore</sellerInfo><productUrl>http://c.affil.walmart.com/t/api02?l=https%3A%2F%2Fwww.walmart.com%2Fip%2FApple-iPod-Touch-5th-Generation-32GB-Black-and-Slate-Used-Good-Condition%2F158273765%3Faffp1%3D3UIqxDLINFE2s96wIa1YSu3TakSRkgaPlu3dizTOwm0%26affilsrc%3Dapi%26veh%3Daff%26wmlspartner%3Dreadonlyapi</productUrl><customerRating>3.0</customerRating><numReviews>1</numReviews><customerRatingImage>http://i2.walmartimages.com/i/CustRating/3.gif</customerRatingImage><categoryNode>3944_96469_1231508</categoryNode><bundle>false</bundle><stock>Available</stock><addToCartUrl>http://c.affil.walmart.com/t/api02?l=http%3A%2F%2Faffil.walmart.com%2Fcart%2FaddToCart%3Fitems%3D158273765%7C1%26affp1%3D3UIqxDLINFE2s96wIa1YSu3TakSRkgaPlu3dizTOwm0%26affilsrc%3Dapi%26veh%3Daff%26wmlspartner%3Dreadonlyapi</addToCartUrl><affiliateAddToCartUrl>http://linksynergy.walmart.com/fs-bin/click?id=|LSNID|&amp;offerid=223073.7200&amp;type=14&amp;catid=8&amp;subid=0&amp;hid=7200&amp;tmpid=1082&amp;RD_PARM1=http%253A%252F%252Faffil.walmart.com%252Fcart%252FaddToCart%253Fitems%253D158273765%257C1%2526affp1%253D3UIqxDLINFE2s96wIa1YSu3TakSRkgaPlu3dizTOwm0%2526affilsrc%253Dapi</affiliateAddToCartUrl><freeShippingOver50Dollars>false</freeShippingOver50Dollars><imageEntities><imageEntities><thumbnailImage>https://i5.walmartimages.com/asr/f32703ab-d1ff-40df-bd3e-43cfa3e90464_1.ab1a12ef0f403723695d62e0a0fe5802.jpeg?odnHeight=100&amp;odnWidth=100&amp;odnBg=FFFFFF</thumbnailImage><mediumImage>https://i5.walmartimages.com/asr/f32703ab-d1ff-40df-bd3e-43cfa3e90464_1.ab1a12ef0f403723695d62e0a0fe5802.jpeg?odnHeight=180&amp;odnWidth=180&amp;odnBg=FFFFFF</mediumImage><largeImage>https://i5.walmartimages.com/asr/f32703ab-d1ff-40df-bd3e-43cfa3e90464_1.ab1a12ef0f403723695d62e0a0fe5802.jpeg?odnHeight=450&amp;odnWidth=450&amp;odnBg=FFFFFF</largeImage><entityType>PRIMARY</entityType></imageEntities></imageEntities><offerType>ONLINE_ONLY</offerType><availableOnline>true</availableOnline></item><item><itemId>49802799</itemId><parentItemId>49802799</parentItemId><name>Apple iPod touch Silver 32GB (6th Generation) - Mushroom Bluetooth Wireless Speaker/Ipod Stand - Quality Photo cloth</name><salePrice>267.0</salePrice><upc>718771292813</upc><categoryPath>Electronics/Portable Audio/Apple iPods/iPod Touch</categoryPath><shortDescription>What&amp;rsquo;s in the boxiPod touchApple EarPodsLightning to USB CableQuick Start guideMushroom Portable Bluetooth V3.0 Wireless Stereo SpeakerQUality Photo microfiber CLothiOS 8iOS 8 has incredible capabilities that will change the way you send messages, share photos, keep track of your health, and more.MusiciPod touch is the perfect way to carry your music collection in your pocket. You can use it to access the iTunes Store and the all-new Apple Music service.GamingA powerful A8 chip, M8 motion coprocessor, and 4-inch Retina display provide the ultimate mobile gaming experience with iPod touch.PhotosiPod touch features an 8-megapixel iSight camera and improved FaceTime HD camera for all your photos and videos. And with iCloud Photo Library, you can easily access, edit, and share your photos on all your devices.AppsiPod touch comes loaded with powerful built-in apps like Messages, FaceTime,2 and Safari. And you can connect through your favorite social</shortDescription><longDescription>What&amp;rsquo;s in the boxiPod touchApple EarPodsLightning to USB CableQuick Start guideMushroom Portable Bluetooth V3.0 Wireless Stereo SpeakerQUality Photo microfiber CLothiOS 8iOS 8 has incredible capabilities that will change the way you send messages, share photos, keep track of your health, and more.MusiciPod touch is the perfect way to carry your music collection in your pocket. You can use it to access the iTunes Store and the all-new Apple Music service.GamingA powerful A8 chip, M8 motion coprocessor, and 4-inch Retina display provide the ultimate mobile gaming experience with iPod touch.PhotosiPod touch features an 8-megapixel iSight camera and improved FaceTime HD camera for all your photos and videos. And with iCloud Photo Library, you can easily access, edit, and share your photos on all your devices.AppsiPod touch comes loaded with powerful built-in apps like Messages, FaceTime,2 and Safari. And you can connect through your favorite social networking apps available on the App Store.Family SharingNow up to six family members can share purchases from iTunes, iBooks, and the App Store without sharing accounts. You can also share photo albums, calendars, and even your location.Mushroom Portable Bluetooth V3.0 Wireless Stereo Speakerortable Mini Cute Design Bluetooth V.3.0 Speaker,10M 30Ft TransmissionHigh Definition Bluetooth compatibility with Android and iPhone tablets, smartphones,iPhone, Samsung, Galaxy, iPad, MP3, MP4 and other Bluetooth enabled digital playersYou can even use this speaker for answering calls, so it is ideal to have stuck in your car where you can use it as a hands-free device as there is even a built-in microphone.Powering this magic speaker is a built in 280mAh li-battery that has a constant playing time of about 2.5 hours and a standby time of about 12 hours, giving you ample amount of usage.Special suction cup design, could sucked on any flat surface, included desk, wall window etcQUality Photo microfiber CLoththe cloth thas perfactly for the ipod screen keeping as new all the time</longDescription><thumbnailImage>https://i5.walmartimages.com/asr/07cc8094-5ec6-49b8-a605-b163c03fab73_1.b8dbe33b6b80c71c99ca0cf630c9fbad.jpeg?odnHeight=100&amp;odnWidth=100&amp;odnBg=FFFFFF</thumbnailImage><mediumImage>https://i5.walmartimages.com/asr/07cc8094-5ec6-49b8-a605-b163c03fab73_1.b8dbe33b6b80c71c99ca0cf630c9fbad.jpeg?odnHeight=180&amp;odnWidth=180&amp;odnBg=FFFFFF</mediumImage><largeImage>https://i5.walmartimages.com/asr/07cc8094-5ec6-49b8-a605-b163c03fab73_1.b8dbe33b6b80c71c99ca0cf630c9fbad.jpeg?odnHeight=450&amp;odnWidth=450&amp;odnBg=FFFFFF</largeImage><productTrackingUrl>http://linksynergy.walmart.com/fs-bin/click?id=|LSNID|&amp;offerid=223073.7200&amp;type=14&amp;catid=8&amp;subid=0&amp;hid=7200&amp;tmpid=1082&amp;RD_PARM1=https%253A%252F%252Fwww.walmart.com%252Fip%252FApple-iPod-touch-Silver-32GB-6th-Generation-Mushroom-Bluetooth-Wireless-Speaker-Ipod-Stand-Quality-Photo-cloth%252F49802799%253Faffp1%253D3UIqxDLINFE2s96wIa1YSu3TakSRkgaPlu3dizTOwm0%2526affilsrc%253Dapi</productTrackingUrl><standardShipRate>0.0</standardShipRate><marketplace>true</marketplace><sellerInfo>Quality Photo</sellerInfo><productUrl>http://c.affil.walmart.com/t/api02?l=https%3A%2F%2Fwww.walmart.com%2Fip%2FApple-iPod-touch-Silver-32GB-6th-Generation-Mushroom-Bluetooth-Wireless-Speaker-Ipod-Stand-Quality-Photo-cloth%2F49802799%3Faffp1%3D3UIqxDLINFE2s96wIa1YSu3TakSRkgaPlu3dizTOwm0%26affilsrc%3Dapi%26veh%3Daff%26wmlspartner%3Dreadonlyapi</productUrl><customerRating>5.0</customerRating><numReviews>1</numReviews><customerRatingImage>http://i2.walmartimages.com/i/CustRating/5.gif</customerRatingImage><categoryNode>3944_96469_1231508</categoryNode><bundle>false</bundle><stock>Available</stock><addToCartUrl>http://c.affil.walmart.com/t/api02?l=http%3A%2F%2Faffil.walmart.com%2Fcart%2FaddToCart%3Fitems%3D49802799%7C1%26affp1%3D3UIqxDLINFE2s96wIa1YSu3TakSRkgaPlu3dizTOwm0%26affilsrc%3Dapi%26veh%3Daff%26wmlspartner%3Dreadonlyapi</addToCartUrl><affiliateAddToCartUrl>http://linksynergy.walmart.com/fs-bin/click?id=|LSNID|&amp;offerid=223073.7200&amp;type=14&amp;catid=8&amp;subid=0&amp;hid=7200&amp;tmpid=1082&amp;RD_PARM1=http%253A%252F%252Faffil.walmart.com%252Fcart%252FaddToCart%253Fitems%253D49802799%257C1%2526affp1%253D3UIqxDLINFE2s96wIa1YSu3TakSRkgaPlu3dizTOwm0%2526affilsrc%253Dapi</affiliateAddToCartUrl><freeShippingOver50Dollars>false</freeShippingOver50Dollars><imageEntities><imageEntities><thumbnailImage>https://i5.walmartimages.com/asr/07cc8094-5ec6-49b8-a605-b163c03fab73_1.b8dbe33b6b80c71c99ca0cf630c9fbad.jpeg?odnHeight=100&amp;odnWidth=100&amp;odnBg=FFFFFF</thumbnailImage><mediumImage>https://i5.walmartimages.com/asr/07cc8094-5ec6-49b8-a605-b163c03fab73_1.b8dbe33b6b80c71c99ca0cf630c9fbad.jpeg?odnHeight=180&amp;odnWidth=180&amp;odnBg=FFFFFF</mediumImage><largeImage>https://i5.walmartimages.com/asr/07cc8094-5ec6-49b8-a605-b163c03fab73_1.b8dbe33b6b80c71c99ca0cf630c9fbad.jpeg?odnHeight=450&amp;odnWidth=450&amp;odnBg=FFFFFF</largeImage><entityType>PRIMARY</entityType></imageEntities><imageEntities><thumbnailImage>https://i5.walmartimages.com/asr/3c2c31de-cfc5-4359-8d56-93cb0d0a12f1_1.aff58103b3f4da7d16111a6c602b4c57.jpeg?odnHeight=100&amp;odnWidth=100&amp;odnBg=FFFFFF</thumbnailImage><mediumImage>https://i5.walmartimages.com/asr/3c2c31de-cfc5-4359-8d56-93cb0d0a12f1_1.aff58103b3f4da7d16111a6c602b4c57.jpeg?odnHeight=180&amp;odnWidth=180&amp;odnBg=FFFFFF</mediumImage><largeImage>https://i5.walmartimages.com/asr/3c2c31de-cfc5-4359-8d56-93cb0d0a12f1_1.aff58103b3f4da7d16111a6c602b4c57.jpeg?odnHeight=450&amp;odnWidth=450&amp;odnBg=FFFFFF</largeImage><entityType>SECONDARY</entityType></imageEntities><imageEntities><thumbnailImage>https://i5.walmartimages.com/asr/d174affb-6625-4185-8c59-96df5276bd47_1.ae4c90bfcb0a15e40c0a6e75e1072c75.jpeg?odnHeight=100&amp;odnWidth=100&amp;odnBg=FFFFFF</thumbnailImage><mediumImage>https://i5.walmartimages.com/asr/d174affb-6625-4185-8c59-96df5276bd47_1.ae4c90bfcb0a15e40c0a6e75e1072c75.jpeg?odnHeight=180&amp;odnWidth=180&amp;odnBg=FFFFFF</mediumImage><largeImage>https://i5.walmartimages.com/asr/d174affb-6625-4185-8c59-96df5276bd47_1.ae4c90bfcb0a15e40c0a6e75e1072c75.jpeg?odnHeight=450&amp;odnWidth=450&amp;odnBg=FFFFFF</largeImage><entityType>SECONDARY</entityType></imageEntities><imageEntities><thumbnailImage>https://i5.walmartimages.com/asr/9e7fec0b-b998-4858-9948-3b2ad831a80b_1.84dd48dacb63cf1a110ce5a5e4e01b69.jpeg?odnHeight=100&amp;odnWidth=100&amp;odnBg=FFFFFF</thumbnailImage><mediumImage>https://i5.walmartimages.com/asr/9e7fec0b-b998-4858-9948-3b2ad831a80b_1.84dd48dacb63cf1a110ce5a5e4e01b69.jpeg?odnHeight=180&amp;odnWidth=180&amp;odnBg=FFFFFF</mediumImage><largeImage>https://i5.walmartimages.com/asr/9e7fec0b-b998-4858-9948-3b2ad831a80b_1.84dd48dacb63cf1a110ce5a5e4e01b69.jpeg?odnHeight=450&amp;odnWidth=450&amp;odnBg=FFFFFF</largeImage><entityType>SECONDARY</entityType></imageEntities></imageEntities><offerType>ONLINE_ONLY</offerType><availableOnline>true</availableOnline></item><item><itemId>22288784</itemId><parentItemId>22288784</parentItemId><name>iPod touch 32GB Refurbished</name><salePrice>179.98</salePrice><upc>818970013797</upc><categoryPath>Electronics/Portable Audio/Apple iPods/iPod Touch</categoryPath><shortDescription>With an ultrathin design, a 4-inch Retina display, a 5-megapixel iSight camera on the 32GB and 64GB models, iTunes and the App Store, Siri, iMessage, FaceTime, Game Center and more &amp;mdash; it's the most fun iPod touch ever.</shortDescription><longDescription>iPod touch features a 6-millimetre ultrathin design and a brilliant 4-inch Retina display. The 5-megapixel iSight camera on the 32GB and 64GB models lets you take stunning photos, even in panorama or record 1080p video. Discover music, movies and more from the iTunes Store or browse apps and games from the App Store. And with iOS 6 &amp;mdash; the world's most advanced mobile operating system &amp;mdash; you get Siri, iMessage, Facebook integration, FaceTime, Game Center and more.&amp;lt;p&amp;gt;Key Features&amp;lt;/p&amp;gt;&amp;lt;ul class=&amp;quot;noindent&amp;quot;&amp;gt;&amp;lt;li&amp;gt;Ultrathin design available in five gorgeous colors&amp;lt;/li&amp;gt;&amp;lt;li&amp;gt;4-inch Retina display&amp;lt;/li&amp;gt;&amp;lt;li&amp;gt;Apple A5 chip&amp;lt;/li&amp;gt;&amp;lt;li&amp;gt;5-megapixel iSight camera with 1080p HD video recording&amp;lt;/li&amp;gt;&amp;lt;li&amp;gt;FaceTime HD camera with 1.2-megapixel photos and 720p HD video recording&amp;lt;/li&amp;gt;&amp;lt;li&amp;gt;iOS 6 with features like Siri, Passbook and Facebook integration&amp;lt;/li&amp;gt;&amp;lt;li&amp;gt;iTunes Store with millions of songs and thousands of movies and TV shows&amp;lt;/li&amp;gt;&amp;lt;li&amp;gt;App Store with more than 900,000 apps, including over 100,000 games&amp;lt;/li&amp;gt;&amp;lt;li&amp;gt;Game Center with millions of gamers&amp;lt;/li&amp;gt;&amp;lt;li&amp;gt;Free text messaging over Wi-Fi with iMessage&amp;lt;/li&amp;gt;&amp;lt;li&amp;gt;Rich HTML email and Safari web browser&amp;lt;/li&amp;gt;&amp;lt;li&amp;gt;AirPlay and AirPlay Mirroring&amp;lt;/li&amp;gt;&amp;lt;li&amp;gt;40 hours of music playback, 8 hours of video playback&amp;lt;/li&amp;gt;&amp;lt;li&amp;gt;iPod touch loop included&amp;lt;/li&amp;gt;&amp;lt;li&amp;gt;Apple EarPods&amp;lt;/li&amp;gt;&amp;lt;li&amp;gt;32GB and 64GB capacities&amp;lt;/li&amp;gt;&amp;lt;/ul&amp;gt;</longDescription><thumbnailImage>https://i5.walmartimages.com/asr/0689c065-8836-4f02-89f4-48b4311a43b2_1.ee5c67de2834af76c96faa3bf5bad321.jpeg?odnHeight=100&amp;odnWidth=100&amp;odnBg=FFFFFF</thumbnailImage><mediumImage>https://i5.walmartimages.com/asr/0689c065-8836-4f02-89f4-48b4311a43b2_1.ee5c67de2834af76c96faa3bf5bad321.jpeg?odnHeight=180&amp;odnWidth=180&amp;odnBg=FFFFFF</mediumImage><largeImage>https://i5.walmartimages.com/asr/0689c065-8836-4f02-89f4-48b4311a43b2_1.ee5c67de2834af76c96faa3bf5bad321.jpeg?odnHeight=450&amp;odnWidth=450&amp;odnBg=FFFFFF</largeImage><productTrackingUrl>http://linksynergy.walmart.com/fs-bin/click?id=|LSNID|&amp;offerid=223073.7200&amp;type=14&amp;catid=8&amp;subid=0&amp;hid=7200&amp;tmpid=1082&amp;RD_PARM1=https%253A%252F%252Fwww.walmart.com%252Fip%252FiPod-touch-32GB-Refurbished%252F22288784%253Faffp1%253D3UIqxDLINFE2s96wIa1YSu3TakSRkgaPlu3dizTOwm0%2526affilsrc%253Dapi</productTrackingUrl><standardShipRate>0.0</standardShipRate><marketplace>true</marketplace><modelNumber>RBMD723LL/A</modelNumber><sellerInfo>TechZone</sellerInfo><productUrl>http://c.affil.walmart.com/t/api02?l=https%3A%2F%2Fwww.walmart.com%2Fip%2FiPod-touch-32GB-Refurbished%2F22288784%3Faffp1%3D3UIqxDLINFE2s96wIa1YSu3TakSRkgaPlu3dizTOwm0%26affilsrc%3Dapi%26veh%3Daff%26wmlspartner%3Dreadonlyapi</productUrl><customerRating>4.407</customerRating><numReviews>118</numReviews><customerRatingImage>http://i2.walmartimages.com/i/CustRating/4_4.gif</customerRatingImage><categoryNode>3944_96469_1231508</categoryNode><bundle>false</bundle><stock>Available</stock><addToCartUrl>http://c.affil.walmart.com/t/api02?l=http%3A%2F%2Faffil.walmart.com%2Fcart%2FaddToCart%3Fitems%3D22288784%7C1%26affp1%3D3UIqxDLINFE2s96wIa1YSu3TakSRkgaPlu3dizTOwm0%26affilsrc%3Dapi%26veh%3Daff%26wmlspartner%3Dreadonlyapi</addToCartUrl><affiliateAddToCartUrl>http://linksynergy.walmart.com/fs-bin/click?id=|LSNID|&amp;offerid=223073.7200&amp;type=14&amp;catid=8&amp;subid=0&amp;hid=7200&amp;tmpid=1082&amp;RD_PARM1=http%253A%252F%252Faffil.walmart.com%252Fcart%252FaddToCart%253Fitems%253D22288784%257C1%2526affp1%253D3UIqxDLINFE2s96wIa1YSu3TakSRkgaPlu3dizTOwm0%2526affilsrc%253Dapi</affiliateAddToCartUrl><freeShippingOver50Dollars>false</freeShippingOver50Dollars><imageEntities><imageEntities><thumbnailImage>https://i5.walmartimages.com/asr/0689c065-8836-4f02-89f4-48b4311a43b2_1.ee5c67de2834af76c96faa3bf5bad321.jpeg?odnHeight=100&amp;odnWidth=100&amp;odnBg=FFFFFF</thumbnailImage><mediumImage>https://i5.walmartimages.com/asr/0689c065-8836-4f02-89f4-48b4311a43b2_1.ee5c67de2834af76c96faa3bf5bad321.jpeg?odnHeight=180&amp;odnWidth=180&amp;odnBg=FFFFFF</mediumImage><largeImage>https://i5.walmartimages.com/asr/0689c065-8836-4f02-89f4-48b4311a43b2_1.ee5c67de2834af76c96faa3bf5bad321.jpeg?odnHeight=450&amp;odnWidth=450&amp;odnBg=FFFFFF</largeImage><entityType>PRIMARY</entityType></imageEntities></imageEntities><offerType>ONLINE_ONLY</offerType><availableOnline>true</availableOnline></item></items></searchresponse>